"fips","SCC","Pollutant","Emissions","type","year"
"24510","220100123B","PM25-PRI",7.38,"ON-ROAD",1999
"24510","220100123T","PM25-PRI",2.78,"ON-ROAD",1999
"24510","220100123X","PM25-PRI",11.76,"ON-ROAD",1999
"24510","220100125B","PM25-PRI",3.5,"ON-ROAD",1999
"24510","220100125T","PM25-PRI",1.32,"ON-ROAD",1999
"24510","220100125X","PM25-PRI",5.58,"ON-ROAD",1999
"24510","220100127B","PM25-PRI",4.43,"ON-ROAD",1999
"24510","220100127T","PM25-PRI",1.67,"ON-ROAD",1999
"24510","220100127X","PM25-PRI",8.41,"ON-ROAD",1999
"24510","220100129B","PM25-PRI",3.66,"ON-ROAD",1999
"24510","220100129T","PM25-PRI",1.38,"ON-ROAD",1999
"24510","220100129X","PM25-PRI",6.94,"ON-ROAD",1999
"24510","220100131B","PM25-PRI",1.64,"ON-ROAD",1999
"24510","220100131T","PM25-PRI",0.62,"ON-ROAD",1999
"24510","220100131X","PM25-PRI",3.11,"ON-ROAD",1999
"24510","220100133B","PM25-PRI",1.53,"ON-ROAD",1999
"24510","220100133T","PM25-PRI",0.58,"ON-ROAD",1999
"24510","220100133X","PM25-PRI",2.89,"ON-ROAD",1999
"24510","220102023B","PM25-PRI",2.77,"ON-ROAD",1999
"24510","220102023T","PM25-PRI",1.05,"ON-ROAD",1999
"24510","220102023X","PM25-PRI",5.96,"ON-ROAD",1999
"24510","220102025B","PM25-PRI",1.32,"ON-ROAD",1999
"24510","220102025T","PM25-PRI",0.5,"ON-ROAD",1999
"24510","220102025X","PM25-PRI",2.83,"ON-ROAD",1999
"24510","220102027B","PM25-PRI",1.67,"ON-ROAD",1999
"24510","220102027T","PM25-PRI",0.63,"ON-ROAD",1999
"24510","220102027X","PM25-PRI",3.77,"ON-ROAD",1999
"24510","220102029B","PM25-PRI",1.38,"ON-ROAD",1999
"24510","220102029T","PM25-PRI",0.52,"ON-ROAD",1999
"24510","220102029X","PM25-PRI",3.11,"ON-ROAD",1999
"24510","220102031B","PM25-PRI",0.62,"ON-ROAD",1999
"24510","220102031T","PM25-PRI",0.23,"ON-ROAD",1999
"24510","220102031X","PM25-PRI",1.4,"ON-ROAD",1999
"24510","220102033B","PM25-PRI",0.57,"ON-ROAD",1999
"24510","220102033T","PM25-PRI",0.22,"ON-ROAD",1999
"24510","220102033X","PM25-PRI",1.3,"ON-ROAD",1999
"24510","220104023B","PM25-PRI",0.95,"ON-ROAD",1999
"24510","220104023T","PM25-PRI",0.36,"ON-ROAD",1999
"24510","220104023X","PM25-PRI",3.43,"ON-ROAD",1999
"24510","220104025B","PM25-PRI",0.45,"ON-ROAD",1999
"24510","220104025T","PM25-PRI",0.17,"ON-ROAD",1999
"24510","220104025X","PM25-PRI",1.63,"ON-ROAD",1999
"24510","220104027B","PM25-PRI",0.57,"ON-ROAD",1999
"24510","220104027T","PM25-PRI",0.22,"ON-ROAD",1999
"24510","220104027X","PM25-PRI",2.11,"ON-ROAD",1999
"24510","220104029B","PM25-PRI",0.47,"ON-ROAD",1999
"24510","220104029T","PM25-PRI",0.18,"ON-ROAD",1999
"24510","220104029X","PM25-PRI",1.74,"ON-ROAD",1999
"24510","220104031B","PM25-PRI",0.21,"ON-ROAD",1999
"24510","220104031T","PM25-PRI",0.08,"ON-ROAD",1999
"24510","220104031X","PM25-PRI",0.78,"ON-ROAD",1999
"24510","220104033B","PM25-PRI",0.2,"ON-ROAD",1999
"24510","220104033T","PM25-PRI",0.07,"ON-ROAD",1999
"24510","220104033X","PM25-PRI",0.73,"ON-ROAD",1999
"24510","220107023B","PM25-PRI",0.36,"ON-ROAD",1999
"24510","220107023T","PM25-PRI",0.15,"ON-ROAD",1999
"24510","220107023X","PM25-PRI",5.27,"ON-ROAD",1999
"24510","220107025B","PM25-PRI",0.17,"ON-ROAD",1999
"24510","220107025T","PM25-PRI",0.07,"ON-ROAD",1999
"24510","220107025X","PM25-PRI",2.5,"ON-ROAD",1999
"24510","220107027B","PM25-PRI",0.22,"ON-ROAD",1999
"24510","220107027T","PM25-PRI",0.09,"ON-ROAD",1999
"24510","220107027X","PM25-PRI",3.13,"ON-ROAD",1999
"24510","220107029B","PM25-PRI",0.18,"ON-ROAD",1999
"24510","220107029T","PM25-PRI",0.07,"ON-ROAD",1999
"24510","220107029X","PM25-PRI",2.58,"ON-ROAD",1999
"24510","220107031B","PM25-PRI",0.08,"ON-ROAD",1999
"24510","220107031T","PM25-PRI",0.03,"ON-ROAD",1999
"24510","220107031X","PM25-PRI",1.16,"ON-ROAD",1999
"24510","220107033B","PM25-PRI",0.07,"ON-ROAD",1999
"24510","220107033T","PM25-PRI",0.03,"ON-ROAD",1999
"24510","220107033X","PM25-PRI",1.08,"ON-ROAD",1999
"24510","220108023B","PM25-PRI",0.05,"ON-ROAD",1999
"24510","220108023T","PM25-PRI",0.01,"ON-ROAD",1999
"24510","220108023X","PM25-PRI",0.13,"ON-ROAD",1999
"24510","220108025B","PM25-PRI",0.02,"ON-ROAD",1999
"24510","220108025X","PM25-PRI",0.06,"ON-ROAD",1999
"24510","220108027B","PM25-PRI",0.03,"ON-ROAD",1999
"24510","220108027T","PM25-PRI",0.01,"ON-ROAD",1999
"24510","220108027X","PM25-PRI",0.08,"ON-ROAD",1999
"24510","220108029B","PM25-PRI",0.02,"ON-ROAD",1999
"24510","220108029X","PM25-PRI",0.07,"ON-ROAD",1999
"24510","220108031B","PM25-PRI",0.01,"ON-ROAD",1999
"24510","220108031X","PM25-PRI",0.03,"ON-ROAD",1999
"24510","220108033B","PM25-PRI",0.01,"ON-ROAD",1999
"24510","220108033X","PM25-PRI",0.03,"ON-ROAD",1999
"24510","223000123B","PM25-PRI",0.02,"ON-ROAD",1999
"24510","223000123T","PM25-PRI",0.01,"ON-ROAD",1999
"24510","223000123X","PM25-PRI",1.09,"ON-ROAD",1999
"24510","223000125B","PM25-PRI",0.01,"ON-ROAD",1999
"24510","223000125X","PM25-PRI",0.52,"ON-ROAD",1999
"24510","223000127B","PM25-PRI",0.01,"ON-ROAD",1999
"24510","223000127X","PM25-PRI",0.66,"ON-ROAD",1999
"24510","223000129B","PM25-PRI",0.01,"ON-ROAD",1999
"24510","223000129X","PM25-PRI",0.54,"ON-ROAD",1999
"24510","223000131X","PM25-PRI",0.24,"ON-ROAD",1999
"24510","223000133X","PM25-PRI",0.23,"ON-ROAD",1999
"24510","223006023B","PM25-PRI",0.02,"ON-ROAD",1999
"24510","223006023T","PM25-PRI",0.01,"ON-ROAD",1999
"24510","223006023X","PM25-PRI",0.92,"ON-ROAD",1999
"24510","223006025B","PM25-PRI",0.01,"ON-ROAD",1999
"24510","223006025X","PM25-PRI",0.44,"ON-ROAD",1999
"24510","223006027B","PM25-PRI",0.01,"ON-ROAD",1999
"24510","223006027X","PM25-PRI",0.55,"ON-ROAD",1999
"24510","223006029B","PM25-PRI",0.01,"ON-ROAD",1999
"24510","223006029X","PM25-PRI",0.46,"ON-ROAD",1999
"24510","223006031X","PM25-PRI",0.2,"ON-ROAD",1999
"24510","223006033X","PM25-PRI",0.19,"ON-ROAD",1999
"24510","223007123B","PM25-PRI",0.1,"ON-ROAD",1999
"24510","223007123T","PM25-PRI",0.04,"ON-ROAD",1999
"24510","223007123X","PM25-PRI",4.14,"ON-ROAD",1999
"24510","223007125B","PM25-PRI",0.05,"ON-ROAD",1999
"24510","223007125T","PM25-PRI",0.02,"ON-ROAD",1999
"24510","223007125X","PM25-PRI",1.97,"ON-ROAD",1999
"24510","223007127B","PM25-PRI",0.06,"ON-ROAD",1999
"24510","223007127T","PM25-PRI",0.02,"ON-ROAD",1999
"24510","223007127X","PM25-PRI",2.49,"ON-ROAD",1999
"24510","223007129B","PM25-PRI",0.05,"ON-ROAD",1999
"24510","223007129T","PM25-PRI",0.02,"ON-ROAD",1999
"24510","223007129X","PM25-PRI",2.05,"ON-ROAD",1999
"24510","223007131B","PM25-PRI",0.02,"ON-ROAD",1999
"24510","223007131T","PM25-PRI",0.01,"ON-ROAD",1999
"24510","223007131X","PM25-PRI",0.92,"ON-ROAD",1999
"24510","223007133B","PM25-PRI",0.02,"ON-ROAD",1999
"24510","223007133T","PM25-PRI",0.01,"ON-ROAD",1999
"24510","223007133X","PM25-PRI",0.86,"ON-ROAD",1999
"24510","223007223B","PM25-PRI",0.06,"ON-ROAD",1999
"24510","223007223T","PM25-PRI",0.03,"ON-ROAD",1999
"24510","223007223X","PM25-PRI",2.07,"ON-ROAD",1999
"24510","223007225B","PM25-PRI",0.03,"ON-ROAD",1999
"24510","223007225T","PM25-PRI",0.02,"ON-ROAD",1999
"24510","223007225X","PM25-PRI",0.98,"ON-ROAD",1999
"24510","223007227B","PM25-PRI",0.03,"ON-ROAD",1999
"24510","223007227T","PM25-PRI",0.02,"ON-ROAD",1999
"24510","223007227X","PM25-PRI",1.25,"ON-ROAD",1999
"24510","223007229B","PM25-PRI",0.03,"ON-ROAD",1999
"24510","223007229T","PM25-PRI",0.02,"ON-ROAD",1999
"24510","223007229X","PM25-PRI",1.03,"ON-ROAD",1999
"24510","223007231B","PM25-PRI",0.01,"ON-ROAD",1999
"24510","223007231T","PM25-PRI",0.01,"ON-ROAD",1999
"24510","223007231X","PM25-PRI",0.46,"ON-ROAD",1999
"24510","223007233B","PM25-PRI",0.01,"ON-ROAD",1999
"24510","223007233T","PM25-PRI",0.01,"ON-ROAD",1999
"24510","223007233X","PM25-PRI",0.43,"ON-ROAD",1999
"24510","223007323B","PM25-PRI",0.13,"ON-ROAD",1999
"24510","223007323T","PM25-PRI",0.08,"ON-ROAD",1999
"24510","223007323X","PM25-PRI",11.44,"ON-ROAD",1999
"24510","223007325B","PM25-PRI",0.06,"ON-ROAD",1999
"24510","223007325T","PM25-PRI",0.04,"ON-ROAD",1999
"24510","223007325X","PM25-PRI",5.43,"ON-ROAD",1999
"24510","223007327B","PM25-PRI",0.08,"ON-ROAD",1999
"24510","223007327T","PM25-PRI",0.05,"ON-ROAD",1999
"24510","223007327X","PM25-PRI",6.88,"ON-ROAD",1999
"24510","223007329B","PM25-PRI",0.07,"ON-ROAD",1999
"24510","223007329T","PM25-PRI",0.04,"ON-ROAD",1999
"24510","223007329X","PM25-PRI",5.67,"ON-ROAD",1999
"24510","223007331B","PM25-PRI",0.03,"ON-ROAD",1999
"24510","223007331T","PM25-PRI",0.02,"ON-ROAD",1999
"24510","223007331X","PM25-PRI",2.54,"ON-ROAD",1999
"24510","223007333B","PM25-PRI",0.03,"ON-ROAD",1999
"24510","223007333T","PM25-PRI",0.02,"ON-ROAD",1999
"24510","223007333X","PM25-PRI",2.37,"ON-ROAD",1999
"24510","223007423B","PM25-PRI",0.38,"ON-ROAD",1999
"24510","223007423T","PM25-PRI",0.64,"ON-ROAD",1999
"24510","223007423X","PM25-PRI",46.43,"ON-ROAD",1999
"24510","223007425B","PM25-PRI",0.18,"ON-ROAD",1999
"24510","223007425T","PM25-PRI",0.31,"ON-ROAD",1999
"24510","223007425X","PM25-PRI",22.05,"ON-ROAD",1999
"24510","223007427B","PM25-PRI",0.23,"ON-ROAD",1999
"24510","223007427T","PM25-PRI",0.39,"ON-ROAD",1999
"24510","223007427X","PM25-PRI",27.91,"ON-ROAD",1999
"24510","223007429B","PM25-PRI",0.19,"ON-ROAD",1999
"24510","223007429T","PM25-PRI",0.32,"ON-ROAD",1999
"24510","223007429X","PM25-PRI",23.03,"ON-ROAD",1999
"24510","223007431B","PM25-PRI",0.08,"ON-ROAD",1999
"24510","223007431T","PM25-PRI",0.14,"ON-ROAD",1999
"24510","223007431X","PM25-PRI",10.33,"ON-ROAD",1999
"24510","223007433B","PM25-PRI",0.08,"ON-ROAD",1999
"24510","223007433T","PM25-PRI",0.13,"ON-ROAD",1999
"24510","223007433X","PM25-PRI",9.61,"ON-ROAD",1999
"24510","223007523B","PM25-PRI",0.02,"ON-ROAD",1999
"24510","223007523T","PM25-PRI",0.01,"ON-ROAD",1999
"24510","223007523X","PM25-PRI",4.22,"ON-ROAD",1999
"24510","223007525B","PM25-PRI",0.01,"ON-ROAD",1999
"24510","223007525X","PM25-PRI",2,"ON-ROAD",1999
"24510","223007527B","PM25-PRI",0.01,"ON-ROAD",1999
"24510","223007527T","PM25-PRI",0.01,"ON-ROAD",1999
"24510","223007527X","PM25-PRI",2.53,"ON-ROAD",1999
"24510","223007529B","PM25-PRI",0.01,"ON-ROAD",1999
"24510","223007529X","PM25-PRI",2.09,"ON-ROAD",1999
"24510","223007531X","PM25-PRI",0.94,"ON-ROAD",1999
"24510","223007533X","PM25-PRI",0.87,"ON-ROAD",1999
"24510","2260003030","PM25-PRI",0.03,"NON-ROAD",1999
"24510","2260003040","PM25-PRI",0,"NON-ROAD",1999
"24510","2260004016","PM25-PRI",0.16,"NON-ROAD",1999
"24510","2260004021","PM25-PRI",2.75,"NON-ROAD",1999
"24510","2260004026","PM25-PRI",1.62,"NON-ROAD",1999
"24510","2260004031","PM25-PRI",1.73,"NON-ROAD",1999
"24510","2260004036","PM25-PRI",1.74,"NON-ROAD",1999
"24510","2260004071","PM25-PRI",0,"NON-ROAD",1999
"24510","2260006005","PM25-PRI",0.23,"NON-ROAD",1999
"24510","2260006010","PM25-PRI",1.66,"NON-ROAD",1999
"24510","2260006015","PM25-PRI",0,"NON-ROAD",1999
"24510","2265001050","PM25-PRI",0.13,"NON-ROAD",1999
"24510","2265003010","PM25-PRI",0.03,"NON-ROAD",1999
"24510","2265003020","PM25-PRI",0.1,"NON-ROAD",1999
"24510","2265003030","PM25-PRI",0.03,"NON-ROAD",1999
"24510","2265003040","PM25-PRI",0.1,"NON-ROAD",1999
"24510","2265003050","PM25-PRI",0,"NON-ROAD",1999
"24510","2265003060","PM25-PRI",0,"NON-ROAD",1999
"24510","2265003070","PM25-PRI",0.01,"NON-ROAD",1999
"24510","2265004011","PM25-PRI",0.12,"NON-ROAD",1999
"24510","2265004016","PM25-PRI",0.11,"NON-ROAD",1999
"24510","2265004026","PM25-PRI",0,"NON-ROAD",1999
"24510","2265004031","PM25-PRI",0.07,"NON-ROAD",1999
"24510","2265004036","PM25-PRI",0.03,"NON-ROAD",1999
"24510","2265004041","PM25-PRI",0.01,"NON-ROAD",1999
"24510","2265004046","PM25-PRI",0.01,"NON-ROAD",1999
"24510","2265004051","PM25-PRI",0.02,"NON-ROAD",1999
"24510","2265004056","PM25-PRI",0.11,"NON-ROAD",1999
"24510","2265004066","PM25-PRI",0.02,"NON-ROAD",1999
"24510","2265004071","PM25-PRI",0.35,"NON-ROAD",1999
"24510","2265004076","PM25-PRI",0.03,"NON-ROAD",1999
"24510","2265006005","PM25-PRI",0.71,"NON-ROAD",1999
"24510","2265006010","PM25-PRI",0.25,"NON-ROAD",1999
"24510","2265006015","PM25-PRI",0.12,"NON-ROAD",1999
"24510","2265006025","PM25-PRI",0.22,"NON-ROAD",1999
"24510","2265006030","PM25-PRI",0.43,"NON-ROAD",1999
"24510","2267003010","PM25-PRI",0.02,"NON-ROAD",1999
"24510","2267003020","PM25-PRI",1.8,"NON-ROAD",1999
"24510","2267003030","PM25-PRI",0.01,"NON-ROAD",1999
"24510","2267003040","PM25-PRI",0,"NON-ROAD",1999
"24510","2267003050","PM25-PRI",0,"NON-ROAD",1999
"24510","2267003070","PM25-PRI",0.01,"NON-ROAD",1999
"24510","2267004066","PM25-PRI",0,"NON-ROAD",1999
"24510","2267006005","PM25-PRI",0.05,"NON-ROAD",1999
"24510","2267006010","PM25-PRI",0.01,"NON-ROAD",1999
"24510","2267006015","PM25-PRI",0.02,"NON-ROAD",1999
"24510","2267006025","PM25-PRI",0.02,"NON-ROAD",1999
"24510","2267006030","PM25-PRI",0,"NON-ROAD",1999
"24510","2268003020","PM25-PRI",0.14,"NON-ROAD",1999
"24510","2268003060","PM25-PRI",0,"NON-ROAD",1999
"24510","2268003070","PM25-PRI",0,"NON-ROAD",1999
"24510","2268006005","PM25-PRI",0.02,"NON-ROAD",1999
"24510","2268006010","PM25-PRI",0,"NON-ROAD",1999
"24510","2268006015","PM25-PRI",0,"NON-ROAD",1999
"24510","2268006020","PM25-PRI",0.05,"NON-ROAD",1999
"24510","2270003010","PM25-PRI",0.99,"NON-ROAD",1999
"24510","2270003020","PM25-PRI",5.26,"NON-ROAD",1999
"24510","2270003030","PM25-PRI",2.05,"NON-ROAD",1999
"24510","2270003040","PM25-PRI",2.12,"NON-ROAD",1999
"24510","2270003050","PM25-PRI",0.22,"NON-ROAD",1999
"24510","2270003060","PM25-PRI",11.8,"NON-ROAD",1999
"24510","2270003070","PM25-PRI",2.43,"NON-ROAD",1999
"24510","2270004031","PM25-PRI",0,"NON-ROAD",1999
"24510","2270004036","PM25-PRI",0.09,"NON-ROAD",1999
"24510","2270004046","PM25-PRI",1.37,"NON-ROAD",1999
"24510","2270004056","PM25-PRI",0.18,"NON-ROAD",1999
"24510","2270004066","PM25-PRI",0.36,"NON-ROAD",1999
"24510","2270004071","PM25-PRI",0.49,"NON-ROAD",1999
"24510","2270004076","PM25-PRI",0,"NON-ROAD",1999
"24510","2270006005","PM25-PRI",7.15,"NON-ROAD",1999
"24510","2270006010","PM25-PRI",1.58,"NON-ROAD",1999
"24510","2270006015","PM25-PRI",3.67,"NON-ROAD",1999
"24510","2270006025","PM25-PRI",4.06,"NON-ROAD",1999
"24510","2270006030","PM25-PRI",0.2,"NON-ROAD",1999
"24510","2280002100","PM25-PRI",350.97,"NON-ROAD",1999
"24510","2280002200","PM25-PRI",0.8,"NON-ROAD",1999
"24510","2280003100","PM25-PRI",97.05,"NON-ROAD",1999
"24510","2280003200","PM25-PRI",0.29,"NON-ROAD",1999
"24510","2282005010","PM25-PRI",1.85,"NON-ROAD",1999
"24510","2282005015","PM25-PRI",0.91,"NON-ROAD",1999
"24510","2282010005","PM25-PRI",0.02,"NON-ROAD",1999
"24510","2282020005","PM25-PRI",0.05,"NON-ROAD",1999
"24510","2282020010","PM25-PRI",0,"NON-ROAD",1999
"24510","2285002006","PM25-PRI",4.64,"NON-ROAD",1999
"24510","2285002008","PM25-PRI",0.02,"NON-ROAD",1999
"24510","2285002009","PM25-PRI",4.16,"NON-ROAD",1999
"24510","2285002010","PM25-PRI",1.86,"NON-ROAD",1999
"24510","2285002015","PM25-PRI",1.22,"NON-ROAD",1999
"24510","2285004015","PM25-PRI",0,"NON-ROAD",1999
"24510","2285006015","PM25-PRI",0,"NON-ROAD",1999
"24510","2294000000","PM25-PRI",1043.61,"NONPOINT",1999
"24510","2294000000","PM25-PRI",26.06,"NONPOINT",2002
"24510","220100117B","PM25-PRI",0.01,"ON-ROAD",2002
"24510","220100117T","PM25-PRI",0.0042681471,"ON-ROAD",2002
"24510","220100117X","PM25-PRI",0.01,"ON-ROAD",2002
"24510","220100119B","PM25-PRI",0.01,"ON-ROAD",2002
"24510","220100119T","PM25-PRI",0.0064291857,"ON-ROAD",2002
"24510","220100119X","PM25-PRI",0.01,"ON-ROAD",2002
"24510","220100121B","PM25-PRI",0.0058187723,"ON-ROAD",2002
"24510","220100121T","PM25-PRI",0.002185234,"ON-ROAD",2002
"24510","220100121X","PM25-PRI",0.0066259081,"ON-ROAD",2002
"24510","220100123B","PM25-PRI",2.95,"ON-ROAD",2002
"24510","220100123T","PM25-PRI",1.11,"ON-ROAD",2002
"24510","220100123X","PM25-PRI",3.19,"ON-ROAD",2002
"24510","220100125B","PM25-PRI",0.41,"ON-ROAD",2002
"24510","220100125T","PM25-PRI",0.15,"ON-ROAD",2002
"24510","220100125X","PM25-PRI",0.45,"ON-ROAD",2002
"24510","220100127B","PM25-PRI",3.53,"ON-ROAD",2002
"24510","220100127T","PM25-PRI",1.32,"ON-ROAD",2002
"24510","220100127X","PM25-PRI",4.23,"ON-ROAD",2002
"24510","220100129B","PM25-PRI",2.2,"ON-ROAD",2002
"24510","220100129T","PM25-PRI",0.82,"ON-ROAD",2002
"24510","220100129X","PM25-PRI",2.64,"ON-ROAD",2002
"24510","220100131B","PM25-PRI",0.65,"ON-ROAD",2002
"24510","220100131T","PM25-PRI",0.24,"ON-ROAD",2002
"24510","220100131X","PM25-PRI",0.78,"ON-ROAD",2002
"24510","220100133B","PM25-PRI",1.05,"ON-ROAD",2002
"24510","220100133T","PM25-PRI",0.39,"ON-ROAD",2002
"24510","220100133X","PM25-PRI",1.39,"ON-ROAD",2002
"24510","220102017B","PM25-PRI",0.007416567,"ON-ROAD",2002
"24510","220102017T","PM25-PRI",0.0027785913,"ON-ROAD",2002
"24510","220102017X","PM25-PRI",0.0095158695,"ON-ROAD",2002
"24510","220102019B","PM25-PRI",0.01,"ON-ROAD",2002
"24510","220102019T","PM25-PRI",0.0041847819,"ON-ROAD",2002
"24510","220102019X","PM25-PRI",0.01,"ON-ROAD",2002
"24510","220102021B","PM25-PRI",0.0037984154,"ON-ROAD",2002
"24510","220102021T","PM25-PRI",0.0014230633,"ON-ROAD",2002
"24510","220102021X","PM25-PRI",0.0050188399,"ON-ROAD",2002
"24510","220102023B","PM25-PRI",1.92,"ON-ROAD",2002
"24510","220102023T","PM25-PRI",0.72,"ON-ROAD",2002
"24510","220102023X","PM25-PRI",2.48,"ON-ROAD",2002
"24510","220102025B","PM25-PRI",0.27,"ON-ROAD",2002
"24510","220102025T","PM25-PRI",0.1,"ON-ROAD",2002
"24510","220102025X","PM25-PRI",0.35,"ON-ROAD",2002
"24510","220102027B","PM25-PRI",2.3,"ON-ROAD",2002
"24510","220102027T","PM25-PRI",0.86,"ON-ROAD",2002
"24510","220102027X","PM25-PRI",3.13,"ON-ROAD",2002
"24510","220102029B","PM25-PRI",1.44,"ON-ROAD",2002
"24510","220102029T","PM25-PRI",0.53,"ON-ROAD",2002
"24510","220102029X","PM25-PRI",1.95,"ON-ROAD",2002
"24510","220102031B","PM25-PRI",0.42,"ON-ROAD",2002
"24510","220102031T","PM25-PRI",0.16,"ON-ROAD",2002
"24510","220102031X","PM25-PRI",0.58,"ON-ROAD",2002
"24510","220102033B","PM25-PRI",0.68,"ON-ROAD",2002
"24510","220102033T","PM25-PRI",0.25,"ON-ROAD",2002
"24510","220102033X","PM25-PRI",0.98,"ON-ROAD",2002
"24510","220104017B","PM25-PRI",0.0025547758,"ON-ROAD",2002
"24510","220104017T","PM25-PRI",0.0009580249,"ON-ROAD",2002
"24510","220104017X","PM25-PRI",0.0041587997,"ON-ROAD",2002
"24510","220104019B","PM25-PRI",0.0038504704,"ON-ROAD",2002
"24510","220104019T","PM25-PRI",0.0014439022,"ON-ROAD",2002
"24510","220104019X","PM25-PRI",0.0063773859,"ON-ROAD",2002
"24510","220104021B","PM25-PRI",0.0013085064,"ON-ROAD",2002
"24510","220104021T","PM25-PRI",0.0004906817,"ON-ROAD",2002
"24510","220104021X","PM25-PRI",0.0021672288,"ON-ROAD",2002
"24510","220104023B","PM25-PRI",0.66,"ON-ROAD",2002
"24510","220104023T","PM25-PRI",0.24,"ON-ROAD",2002
"24510","220104023X","PM25-PRI",1.08,"ON-ROAD",2002
"24510","220104025B","PM25-PRI",0.09,"ON-ROAD",2002
"24510","220104025T","PM25-PRI",0.03,"ON-ROAD",2002
"24510","220104025X","PM25-PRI",0.15,"ON-ROAD",2002
"24510","220104027B","PM25-PRI",0.79,"ON-ROAD",2002
"24510","220104027T","PM25-PRI",0.29,"ON-ROAD",2002
"24510","220104027X","PM25-PRI",1.33,"ON-ROAD",2002
"24510","220104029B","PM25-PRI",0.49,"ON-ROAD",2002
"24510","220104029T","PM25-PRI",0.18,"ON-ROAD",2002
"24510","220104029X","PM25-PRI",0.83,"ON-ROAD",2002
"24510","220104031B","PM25-PRI",0.14,"ON-ROAD",2002
"24510","220104031T","PM25-PRI",0.05,"ON-ROAD",2002
"24510","220104031X","PM25-PRI",0.24,"ON-ROAD",2002
"24510","220104033B","PM25-PRI",0.23,"ON-ROAD",2002
"24510","220104033T","PM25-PRI",0.08,"ON-ROAD",2002
"24510","220104033X","PM25-PRI",0.41,"ON-ROAD",2002
"24510","220107017B","PM25-PRI",0.0005447852,"ON-ROAD",2002
"24510","220107017T","PM25-PRI",0.0002238227,"ON-ROAD",2002
"24510","220107017X","PM25-PRI",0.0063873518,"ON-ROAD",2002
"24510","220107019B","PM25-PRI",0.0007506884,"ON-ROAD",2002
"24510","220107019T","PM25-PRI",0.0003083914,"ON-ROAD",2002
"24510","220107019X","PM25-PRI",0.0088013468,"ON-ROAD",2002
"24510","220107021B","PM25-PRI",0.0002251183,"ON-ROAD",2002
"24510","220107021T","PM25-PRI",9.24501e-05,"ON-ROAD",2002
"24510","220107021X","PM25-PRI",0.0026393421,"ON-ROAD",2002
"24510","220107023B","PM25-PRI",0.11,"ON-ROAD",2002
"24510","220107023T","PM25-PRI",0.04,"ON-ROAD",2002
"24510","220107023X","PM25-PRI",1.29,"ON-ROAD",2002
"24510","220107025B","PM25-PRI",0.0082553677,"ON-ROAD",2002
"24510","220107025T","PM25-PRI",0.0033916917,"ON-ROAD",2002
"24510","220107025X","PM25-PRI",0.09,"ON-ROAD",2002
"24510","220107027B","PM25-PRI",0.1,"ON-ROAD",2002
"24510","220107027T","PM25-PRI",0.04,"ON-ROAD",2002
"24510","220107027X","PM25-PRI",1.27,"ON-ROAD",2002
"24510","220107029B","PM25-PRI",0.06,"ON-ROAD",2002
"24510","220107029T","PM25-PRI",0.02,"ON-ROAD",2002
"24510","220107029X","PM25-PRI",0.71,"ON-ROAD",2002
"24510","220107031B","PM25-PRI",0.02,"ON-ROAD",2002
"24510","220107031T","PM25-PRI",0.0086587332,"ON-ROAD",2002
"24510","220107031X","PM25-PRI",0.24,"ON-ROAD",2002
"24510","220107033B","PM25-PRI",0.04,"ON-ROAD",2002
"24510","220107033T","PM25-PRI",0.01,"ON-ROAD",2002
"24510","220107033X","PM25-PRI",0.55,"ON-ROAD",2002
"24510","220108017B","PM25-PRI",0.0002385814,"ON-ROAD",2002
"24510","220108017T","PM25-PRI",4.48407e-05,"ON-ROAD",2002
"24510","220108017X","PM25-PRI",0.0006558844,"ON-ROAD",2002
"24510","220108019B","PM25-PRI",0.000128947,"ON-ROAD",2002
"24510","220108019T","PM25-PRI",2.42352e-05,"ON-ROAD",2002
"24510","220108019X","PM25-PRI",0.000357247,"ON-ROAD",2002
"24510","220108021B","PM25-PRI",0.000128947,"ON-ROAD",2002
"24510","220108021T","PM25-PRI",2.42352e-05,"ON-ROAD",2002
"24510","220108021X","PM25-PRI",0.000357247,"ON-ROAD",2002
"24510","220108023B","PM25-PRI",0.05,"ON-ROAD",2002
"24510","220108023T","PM25-PRI",0.01,"ON-ROAD",2002
"24510","220108023X","PM25-PRI",0.15,"ON-ROAD",2002
"24510","220108025B","PM25-PRI",0.0014615223,"ON-ROAD",2002
"24510","220108025T","PM25-PRI",0.0002747518,"ON-ROAD",2002
"24510","220108025X","PM25-PRI",0.0040184911,"ON-ROAD",2002
"24510","220108027B","PM25-PRI",0.01,"ON-ROAD",2002
"24510","220108027T","PM25-PRI",0.0035031646,"ON-ROAD",2002
"24510","220108027X","PM25-PRI",0.05,"ON-ROAD",2002
"24510","220108029B","PM25-PRI",0.01,"ON-ROAD",2002
"24510","220108029T","PM25-PRI",0.0019071438,"ON-ROAD",2002
"24510","220108029X","PM25-PRI",0.02,"ON-ROAD",2002
"24510","220108031B","PM25-PRI",0.0060180689,"ON-ROAD",2002
"24510","220108031T","PM25-PRI",0.0011313564,"ON-ROAD",2002
"24510","220108031X","PM25-PRI",0.01,"ON-ROAD",2002
"24510","220108033B","PM25-PRI",0.0068348068,"ON-ROAD",2002
"24510","220108033T","PM25-PRI",0.0012848976,"ON-ROAD",2002
"24510","220108033X","PM25-PRI",0.01,"ON-ROAD",2002
"24510","223000117B","PM25-PRI",3.00316e-05,"ON-ROAD",2002
"24510","223000117T","PM25-PRI",1.12718e-05,"ON-ROAD",2002
"24510","223000117X","PM25-PRI",0.0010904539,"ON-ROAD",2002
"24510","223000119B","PM25-PRI",4.29022e-05,"ON-ROAD",2002
"24510","223000119T","PM25-PRI",1.61026e-05,"ON-ROAD",2002
"24510","223000119X","PM25-PRI",0.0015577915,"ON-ROAD",2002
"24510","223000121B","PM25-PRI",1.50452e-05,"ON-ROAD",2002
"24510","223000121T","PM25-PRI",5.6469494e-06,"ON-ROAD",2002
"24510","223000121X","PM25-PRI",0.000546294,"ON-ROAD",2002
"24510","223000123B","PM25-PRI",0.0074050226,"ON-ROAD",2002
"24510","223000123T","PM25-PRI",0.0027793076,"ON-ROAD",2002
"24510","223000123X","PM25-PRI",0.26,"ON-ROAD",2002
"24510","223000125B","PM25-PRI",0.0010490028,"ON-ROAD",2002
"24510","223000125T","PM25-PRI",0.0003937194,"ON-ROAD",2002
"24510","223000125X","PM25-PRI",0.03,"ON-ROAD",2002
"24510","223000127B","PM25-PRI",0.0088465651,"ON-ROAD",2002
"24510","223000127T","PM25-PRI",0.0033203542,"ON-ROAD",2002
"24510","223000127X","PM25-PRI",0.32,"ON-ROAD",2002
"24510","223000129B","PM25-PRI",0.0055301757,"ON-ROAD",2002
"24510","223000129T","PM25-PRI",0.0020756239,"ON-ROAD",2002
"24510","223000129X","PM25-PRI",0.2,"ON-ROAD",2002
"24510","223000131B","PM25-PRI",0.0016452944,"ON-ROAD",2002
"24510","223000131T","PM25-PRI",0.0006175233,"ON-ROAD",2002
"24510","223000131X","PM25-PRI",0.05,"ON-ROAD",2002
"24510","223000133B","PM25-PRI",0.0026321185,"ON-ROAD",2002
"24510","223000133T","PM25-PRI",0.000987905,"ON-ROAD",2002
"24510","223000133X","PM25-PRI",0.09,"ON-ROAD",2002
"24510","223006017B","PM25-PRI",0.0001158591,"ON-ROAD",2002
"24510","223006017T","PM25-PRI",4.34206e-05,"ON-ROAD",2002
"24510","223006017X","PM25-PRI",0.0031952443,"ON-ROAD",2002
"24510","223006019B","PM25-PRI",0.0001737593,"ON-ROAD",2002
"24510","223006019T","PM25-PRI",6.512e-05,"ON-ROAD",2002
"24510","223006019X","PM25-PRI",0.0047920388,"ON-ROAD",2002
"24510","223006021B","PM25-PRI",5.5784e-05,"ON-ROAD",2002
"24510","223006021T","PM25-PRI",2.09062e-05,"ON-ROAD",2002
"24510","223006021X","PM25-PRI",0.0015384262,"ON-ROAD",2002
"24510","223006023B","PM25-PRI",0.02,"ON-ROAD",2002
"24510","223006023T","PM25-PRI",0.01,"ON-ROAD",2002
"24510","223006023X","PM25-PRI",0.81,"ON-ROAD",2002
"24510","223006025B","PM25-PRI",0.0042095644,"ON-ROAD",2002
"24510","223006025T","PM25-PRI",0.0015775673,"ON-ROAD",2002
"24510","223006025X","PM25-PRI",0.11,"ON-ROAD",2002
"24510","223006027B","PM25-PRI",0.03,"ON-ROAD",2002
"24510","223006027T","PM25-PRI",0.01,"ON-ROAD",2002
"24510","223006027X","PM25-PRI",0.97,"ON-ROAD",2002
"24510","223006029B","PM25-PRI",0.02,"ON-ROAD",2002
"24510","223006029T","PM25-PRI",0.0083107536,"ON-ROAD",2002
"24510","223006029X","PM25-PRI",0.61,"ON-ROAD",2002
"24510","223006031B","PM25-PRI",0.0065997062,"ON-ROAD",2002
"24510","223006031T","PM25-PRI",0.0024732855,"ON-ROAD",2002
"24510","223006031X","PM25-PRI",0.18,"ON-ROAD",2002
"24510","223006033B","PM25-PRI",0.0072090416,"ON-ROAD",2002
"24510","223006033T","PM25-PRI",0.0027016382,"ON-ROAD",2002
"24510","223006033X","PM25-PRI",0.19,"ON-ROAD",2002
"24510","223007117B","PM25-PRI",0.0001416678,"ON-ROAD",2002
"24510","223007117T","PM25-PRI",5.30984e-05,"ON-ROAD",2002
"24510","223007117X","PM25-PRI",0.0044746195,"ON-ROAD",2002
"24510","223007119B","PM25-PRI",0.0001910663,"ON-ROAD",2002
"24510","223007119T","PM25-PRI",7.16135e-05,"ON-ROAD",2002
"24510","223007119X","PM25-PRI",0.0060348856,"ON-ROAD",2002
"24510","223007121B","PM25-PRI",5.79844e-05,"ON-ROAD",2002
"24510","223007121T","PM25-PRI",2.17331e-05,"ON-ROAD",2002
"24510","223007121X","PM25-PRI",0.0018314549,"ON-ROAD",2002
"24510","223007123B","PM25-PRI",0.02,"ON-ROAD",2002
"24510","223007123T","PM25-PRI",0.01,"ON-ROAD",2002
"24510","223007123X","PM25-PRI",0.89,"ON-ROAD",2002
"24510","223007125B","PM25-PRI",0.0020949614,"ON-ROAD",2002
"24510","223007125T","PM25-PRI",0.0007852185,"ON-ROAD",2002
"24510","223007125X","PM25-PRI",0.06,"ON-ROAD",2002
"24510","223007127B","PM25-PRI",0.02,"ON-ROAD",2002
"24510","223007127T","PM25-PRI",0.01,"ON-ROAD",2002
"24510","223007127X","PM25-PRI",0.87,"ON-ROAD",2002
"24510","223007129B","PM25-PRI",0.01,"ON-ROAD",2002
"24510","223007129T","PM25-PRI",0.0057958161,"ON-ROAD",2002
"24510","223007129X","PM25-PRI",0.48,"ON-ROAD",2002
"24510","223007131B","PM25-PRI",0.0053361402,"ON-ROAD",2002
"24510","223007131T","PM25-PRI",0.0020000553,"ON-ROAD",2002
"24510","223007131X","PM25-PRI",0.16,"ON-ROAD",2002
"24510","223007133B","PM25-PRI",0.01,"ON-ROAD",2002
"24510","223007133T","PM25-PRI",0.00454558,"ON-ROAD",2002
"24510","223007133X","PM25-PRI",0.38,"ON-ROAD",2002
"24510","223007217B","PM25-PRI",9.87301e-05,"ON-ROAD",2002
"24510","223007217T","PM25-PRI",5.55102e-05,"ON-ROAD",2002
"24510","223007217X","PM25-PRI",0.0026898162,"ON-ROAD",2002
"24510","223007219B","PM25-PRI",0.000133071,"ON-ROAD",2002
"24510","223007219T","PM25-PRI",7.48181e-05,"ON-ROAD",2002
"24510","223007219X","PM25-PRI",0.0036254664,"ON-ROAD",2002
"24510","223007221B","PM25-PRI",4.28673e-05,"ON-ROAD",2002
"24510","223007221T","PM25-PRI",2.41018e-05,"ON-ROAD",2002
"24510","223007221X","PM25-PRI",0.0011678978,"ON-ROAD",2002
"24510","223007223B","PM25-PRI",0.01,"ON-ROAD",2002
"24510","223007223T","PM25-PRI",0.01,"ON-ROAD",2002
"24510","223007223X","PM25-PRI",0.54,"ON-ROAD",2002
"24510","223007225B","PM25-PRI",0.0014681358,"ON-ROAD",2002
"24510","223007225T","PM25-PRI",0.0008254274,"ON-ROAD",2002
"24510","223007225X","PM25-PRI",0.04,"ON-ROAD",2002
"24510","223007227B","PM25-PRI",0.01,"ON-ROAD",2002
"24510","223007227T","PM25-PRI",0.01,"ON-ROAD",2002
"24510","223007227X","PM25-PRI",0.52,"ON-ROAD",2002
"24510","223007229B","PM25-PRI",0.01,"ON-ROAD",2002
"24510","223007229T","PM25-PRI",0.0060878602,"ON-ROAD",2002
"24510","223007229X","PM25-PRI",0.29,"ON-ROAD",2002
"24510","223007231B","PM25-PRI",0.0037345233,"ON-ROAD",2002
"24510","223007231T","PM25-PRI",0.0020996507,"ON-ROAD",2002
"24510","223007231X","PM25-PRI",0.1,"ON-ROAD",2002
"24510","223007233B","PM25-PRI",0.0084951016,"ON-ROAD",2002
"24510","223007233T","PM25-PRI",0.0047761776,"ON-ROAD",2002
"24510","223007233X","PM25-PRI",0.23,"ON-ROAD",2002
"24510","223007317B","PM25-PRI",0.0002296671,"ON-ROAD",2002
"24510","223007317T","PM25-PRI",0.0001291557,"ON-ROAD",2002
"24510","223007317X","PM25-PRI",0.01,"ON-ROAD",2002
"24510","223007319B","PM25-PRI",0.0003133374,"ON-ROAD",2002
"24510","223007319T","PM25-PRI",0.0001762086,"ON-ROAD",2002
"24510","223007319X","PM25-PRI",0.01,"ON-ROAD",2002
"24510","223007321B","PM25-PRI",9.6606e-05,"ON-ROAD",2002
"24510","223007321T","PM25-PRI",5.43274e-05,"ON-ROAD",2002
"24510","223007321X","PM25-PRI",0.0053392209,"ON-ROAD",2002
"24510","223007323B","PM25-PRI",0.04,"ON-ROAD",2002
"24510","223007323T","PM25-PRI",0.02,"ON-ROAD",2002
"24510","223007323X","PM25-PRI",2.54,"ON-ROAD",2002
"24510","223007325B","PM25-PRI",0.0034016566,"ON-ROAD",2002
"24510","223007325T","PM25-PRI",0.0019129616,"ON-ROAD",2002
"24510","223007325X","PM25-PRI",0.18,"ON-ROAD",2002
"24510","223007327B","PM25-PRI",0.04,"ON-ROAD",2002
"24510","223007327T","PM25-PRI",0.02,"ON-ROAD",2002
"24510","223007327X","PM25-PRI",2.49,"ON-ROAD",2002
"24510","223007329B","PM25-PRI",0.02,"ON-ROAD",2002
"24510","223007329T","PM25-PRI",0.01,"ON-ROAD",2002
"24510","223007329X","PM25-PRI",1.38,"ON-ROAD",2002
"24510","223007331B","PM25-PRI",0.0086532214,"ON-ROAD",2002
"24510","223007331T","PM25-PRI",0.0048662418,"ON-ROAD",2002
"24510","223007331X","PM25-PRI",0.47,"ON-ROAD",2002
"24510","223007333B","PM25-PRI",0.01,"ON-ROAD",2002
"24510","223007333T","PM25-PRI",0.01,"ON-ROAD",2002
"24510","223007333X","PM25-PRI",1.08,"ON-ROAD",2002
"24510","223007417B","PM25-PRI",0.0007617328,"ON-ROAD",2002
"24510","223007417T","PM25-PRI",0.0012854596,"ON-ROAD",2002
"24510","223007417X","PM25-PRI",0.05,"ON-ROAD",2002
"24510","223007419B","PM25-PRI",0.0010299883,"ON-ROAD",2002
"24510","223007419T","PM25-PRI",0.0017381533,"ON-ROAD",2002
"24510","223007419X","PM25-PRI",0.07,"ON-ROAD",2002
"24510","223007421B","PM25-PRI",0.0003196961,"ON-ROAD",2002
"24510","223007421T","PM25-PRI",0.0005395021,"ON-ROAD",2002
"24510","223007421X","PM25-PRI",0.02,"ON-ROAD",2002
"24510","223007423B","PM25-PRI",0.15,"ON-ROAD",2002
"24510","223007423T","PM25-PRI",0.25,"ON-ROAD",2002
"24510","223007423X","PM25-PRI",11.42,"ON-ROAD",2002
"24510","223007425B","PM25-PRI",0.01,"ON-ROAD",2002
"24510","223007425T","PM25-PRI",0.01,"ON-ROAD",2002
"24510","223007425X","PM25-PRI",0.84,"ON-ROAD",2002
"24510","223007427B","PM25-PRI",0.14,"ON-ROAD",2002
"24510","223007427T","PM25-PRI",0.25,"ON-ROAD",2002
"24510","223007427X","PM25-PRI",11.18,"ON-ROAD",2002
"24510","223007429B","PM25-PRI",0.08,"ON-ROAD",2002
"24510","223007429T","PM25-PRI",0.14,"ON-ROAD",2002
"24510","223007429X","PM25-PRI",6.23,"ON-ROAD",2002
"24510","223007431B","PM25-PRI",0.02,"ON-ROAD",2002
"24510","223007431T","PM25-PRI",0.04,"ON-ROAD",2002
"24510","223007431X","PM25-PRI",2.15,"ON-ROAD",2002
"24510","223007433B","PM25-PRI",0.06,"ON-ROAD",2002
"24510","223007433T","PM25-PRI",0.11,"ON-ROAD",2002
"24510","223007433X","PM25-PRI",4.88,"ON-ROAD",2002
"24510","223007517B","PM25-PRI",3.64102e-05,"ON-ROAD",2002
"24510","223007517T","PM25-PRI",2.05516e-05,"ON-ROAD",2002
"24510","223007517X","PM25-PRI",0.0054490396,"ON-ROAD",2002
"24510","223007519B","PM25-PRI",0.0002636216,"ON-ROAD",2002
"24510","223007519T","PM25-PRI",0.0001488,"ON-ROAD",2002
"24510","223007519X","PM25-PRI",0.03,"ON-ROAD",2002
"24510","223007523B","PM25-PRI",0.03,"ON-ROAD",2002
"24510","223007523T","PM25-PRI",0.01,"ON-ROAD",2002
"24510","223007523X","PM25-PRI",4.95,"ON-ROAD",2002
"24510","223007525B","PM25-PRI",0.0031487704,"ON-ROAD",2002
"24510","223007525T","PM25-PRI",0.001777314,"ON-ROAD",2002
"24510","223007525X","PM25-PRI",0.47,"ON-ROAD",2002
"24510","223007527B","PM25-PRI",0.04,"ON-ROAD",2002
"24510","223007527T","PM25-PRI",0.02,"ON-ROAD",2002
"24510","223007527X","PM25-PRI",6.75,"ON-ROAD",2002
"24510","223007529B","PM25-PRI",0.02,"ON-ROAD",2002
"24510","223007529T","PM25-PRI",0.01,"ON-ROAD",2002
"24510","223007529X","PM25-PRI",3.79,"ON-ROAD",2002
"24510","223007531B","PM25-PRI",0.0085182628,"ON-ROAD",2002
"24510","223007531T","PM25-PRI",0.0048081086,"ON-ROAD",2002
"24510","223007531X","PM25-PRI",1.27,"ON-ROAD",2002
"24510","223007533B","PM25-PRI",0.01,"ON-ROAD",2002
"24510","223007533T","PM25-PRI",0.0098412569,"ON-ROAD",2002
"24510","223007533X","PM25-PRI",2.61,"ON-ROAD",2002
"24510","2260003030","PM25-PRI",0.01,"NON-ROAD",2002
"24510","2260003040","PM25-PRI",0.00137294430169277,"NON-ROAD",2002
"24510","2260004015","PM25-PRI",0.18,"NON-ROAD",2002
"24510","2260004016","PM25-PRI",0.14,"NON-ROAD",2002
"24510","2260004020","PM25-PRI",2.56,"NON-ROAD",2002
"24510","2260004021","PM25-PRI",2.57,"NON-ROAD",2002
"24510","2260004025","PM25-PRI",3.51,"NON-ROAD",2002
"24510","2260004026","PM25-PRI",1.54,"NON-ROAD",2002
"24510","2260004030","PM25-PRI",2.29,"NON-ROAD",2002
"24510","2260004031","PM25-PRI",1.65,"NON-ROAD",2002
"24510","2260004035","PM25-PRI",0.72,"NON-ROAD",2002
"24510","2260004036","PM25-PRI",0.27,"NON-ROAD",2002
"24510","2260004071","PM25-PRI",0.000631148986940389,"NON-ROAD",2002
"24510","2260006005","PM25-PRI",0.2,"NON-ROAD",2002
"24510","2260006010","PM25-PRI",1.45,"NON-ROAD",2002
"24510","2260006015","PM25-PRI",0.000552304598386399,"NON-ROAD",2002
"24510","2260006035","PM25-PRI",0.00870230700820685,"NON-ROAD",2002
"24510","2265001050","PM25-PRI",0.05,"NON-ROAD",2002
"24510","2265003010","PM25-PRI",0.02,"NON-ROAD",2002
"24510","2265003020","PM25-PRI",0.06,"NON-ROAD",2002
"24510","2265003030","PM25-PRI",0.02,"NON-ROAD",2002
"24510","2265003040","PM25-PRI",0.07,"NON-ROAD",2002
"24510","2265003050","PM25-PRI",0.00174484838498756,"NON-ROAD",2002
"24510","2265003060","PM25-PRI",0.00155733071733266,"NON-ROAD",2002
"24510","2265003070","PM25-PRI",0.00712828966788948,"NON-ROAD",2002
"24510","2265004010","PM25-PRI",0.94,"NON-ROAD",2002
"24510","2265004011","PM25-PRI",0.12,"NON-ROAD",2002
"24510","2265004015","PM25-PRI",0.07,"NON-ROAD",2002
"24510","2265004016","PM25-PRI",0.07,"NON-ROAD",2002
"24510","2265004025","PM25-PRI",0.00498551503551426,"NON-ROAD",2002
"24510","2265004026","PM25-PRI",0.0024650487684994,"NON-ROAD",2002
"24510","2265004030","PM25-PRI",0.0098035347618861,"NON-ROAD",2002
"24510","2265004031","PM25-PRI",0.06,"NON-ROAD",2002
"24510","2265004035","PM25-PRI",0.03,"NON-ROAD",2002
"24510","2265004036","PM25-PRI",0.01,"NON-ROAD",2002
"24510","2265004040","PM25-PRI",0.09,"NON-ROAD",2002
"24510","2265004041","PM25-PRI",0.00750560252345168,"NON-ROAD",2002
"24510","2265004046","PM25-PRI",0.00840792378585319,"NON-ROAD",2002
"24510","2265004051","PM25-PRI",0.00885682040825486,"NON-ROAD",2002
"24510","2265004055","PM25-PRI",1.34,"NON-ROAD",2002
"24510","2265004056","PM25-PRI",0.1,"NON-ROAD",2002
"24510","2265004066","PM25-PRI",0.01,"NON-ROAD",2002
"24510","2265004071","PM25-PRI",0.34,"NON-ROAD",2002
"24510","2265004075","PM25-PRI",0.08,"NON-ROAD",2002
"24510","2265004076","PM25-PRI",0.01,"NON-ROAD",2002
"24510","2265006005","PM25-PRI",0.69,"NON-ROAD",2002
"24510","2265006010","PM25-PRI",0.24,"NON-ROAD",2002
"24510","2265006015","PM25-PRI",0.11,"NON-ROAD",2002
"24510","2265006025","PM25-PRI",0.19,"NON-ROAD",2002
"24510","2265006030","PM25-PRI",0.4,"NON-ROAD",2002
"24510","2265006035","PM25-PRI",0.01,"NON-ROAD",2002
"24510","2265010010","PM25-PRI",0.00304990023141727,"NON-ROAD",2002
"24510","2267003010","PM25-PRI",0.01,"NON-ROAD",2002
"24510","2267003020","PM25-PRI",1.61,"NON-ROAD",2002
"24510","2267003030","PM25-PRI",0.01,"NON-ROAD",2002
"24510","2267003040","PM25-PRI",0.00381810322869569,"NON-ROAD",2002
"24510","2267003050","PM25-PRI",0.000916694174520671,"NON-ROAD",2002
"24510","2267003070","PM25-PRI",0.00761991273611784,"NON-ROAD",2002
"24510","2267004066","PM25-PRI",0.00464719577576033,"NON-ROAD",2002
"24510","2267006005","PM25-PRI",0.05,"NON-ROAD",2002
"24510","2267006010","PM25-PRI",0.01,"NON-ROAD",2002
"24510","2267006015","PM25-PRI",0.01,"NON-ROAD",2002
"24510","2267006025","PM25-PRI",0.01,"NON-ROAD",2002
"24510","2267006030","PM25-PRI",0.000238495005760342,"NON-ROAD",2002
"24510","2267006035","PM25-PRI",0.000236128362303134,"NON-ROAD",2002
"24510","2268003020","PM25-PRI",0.11,"NON-ROAD",2002
"24510","2268003030","PM25-PRI",0.000134146204800346,"NON-ROAD",2002
"24510","2268003040","PM25-PRI",7.30706924514379e-05,"NON-ROAD",2002
"24510","2268003060","PM25-PRI",0.000387662759749219,"NON-ROAD",2002
"24510","2268003070","PM25-PRI",0.000550329350517131,"NON-ROAD",2002
"24510","2268006005","PM25-PRI",0.01,"NON-ROAD",2002
"24510","2268006010","PM25-PRI",0.000888953305548056,"NON-ROAD",2002
"24510","2268006015","PM25-PRI",0.00127279470325447,"NON-ROAD",2002
"24510","2268006020","PM25-PRI",0.04,"NON-ROAD",2002
"24510","2268010010","PM25-PRI",0.00172414154803846,"NON-ROAD",2002
"24510","2270003010","PM25-PRI",0.65,"NON-ROAD",2002
"24510","2270003020","PM25-PRI",4.44,"NON-ROAD",2002
"24510","2270003030","PM25-PRI",1.61,"NON-ROAD",2002
"24510","2270003040","PM25-PRI",1.74,"NON-ROAD",2002
"24510","2270003050","PM25-PRI",0.13,"NON-ROAD",2002
"24510","2270003060","PM25-PRI",10.21,"NON-ROAD",2002
"24510","2270003070","PM25-PRI",2.17,"NON-ROAD",2002
"24510","2270004031","PM25-PRI",7.80857690187986e-05,"NON-ROAD",2002
"24510","2270004036","PM25-PRI",0.01,"NON-ROAD",2002
"24510","2270004046","PM25-PRI",0.54,"NON-ROAD",2002
"24510","2270004056","PM25-PRI",0.11,"NON-ROAD",2002
"24510","2270004066","PM25-PRI",0.61,"NON-ROAD",2002
"24510","2270004071","PM25-PRI",0.06,"NON-ROAD",2002
"24510","2270004076","PM25-PRI",0.00208782313711709,"NON-ROAD",2002
"24510","2270006005","PM25-PRI",5.3,"NON-ROAD",2002
"24510","2270006010","PM25-PRI",1.28,"NON-ROAD",2002
"24510","2270006015","PM25-PRI",3.05,"NON-ROAD",2002
"24510","2270006025","PM25-PRI",3.17,"NON-ROAD",2002
"24510","2270006030","PM25-PRI",0.14,"NON-ROAD",2002
"24510","2270006035","PM25-PRI",0.13,"NON-ROAD",2002
"24510","2270010010","PM25-PRI",0.06,"NON-ROAD",2002
"24510","2280002100","PM25-PRI",40.03,"NON-ROAD",2002
"24510","2280002200","PM25-PRI",0.65,"NON-ROAD",2002
"24510","2280003000","PM25-PRI",95.84,"NON-ROAD",2002
"24510","2282005010","PM25-PRI",3.15,"NON-ROAD",2002
"24510","2282005015","PM25-PRI",1.37,"NON-ROAD",2002
"24510","2282010005","PM25-PRI",0.05,"NON-ROAD",2002
"24510","2282020005","PM25-PRI",0.19,"NON-ROAD",2002
"24510","2282020010","PM25-PRI",0.00464871378426323,"NON-ROAD",2002
"24510","2285002006","PM25-PRI",9.23,"NON-ROAD",2002
"24510","2285002008","PM25-PRI",0.02,"NON-ROAD",2002
"24510","2285002009","PM25-PRI",6.97,"NON-ROAD",2002
"24510","2285002010","PM25-PRI",23.54,"NON-ROAD",2002
"24510","2285002015","PM25-PRI",0.21,"NON-ROAD",2002
"24510","2285004015","PM25-PRI",0.000819003966171294,"NON-ROAD",2002
"24510","2285006015","PM25-PRI",1.74993074324448e-05,"NON-ROAD",2002
"24510","2294000000","PM25-PRI",26.06,"NONPOINT",2005
"24510","220100117B","PM25-PRI",0.00257348806189838,"ON-ROAD",2005
"24510","220100117T","PM25-PRI",0.000966369290836138,"ON-ROAD",2005
"24510","220100117X","PM25-PRI",0.00228798297757747,"ON-ROAD",2005
"24510","220100119B","PM25-PRI",0.00257407598837744,"ON-ROAD",2005
"24510","220100119T","PM25-PRI",0.000966590057942066,"ON-ROAD",2005
"24510","220100119X","PM25-PRI",0.00241951912175863,"ON-ROAD",2005
"24510","220100121B","PM25-PRI",0.00175817798299248,"ON-ROAD",2005
"24510","220100121T","PM25-PRI",0.000660212572256552,"ON-ROAD",2005
"24510","220100121X","PM25-PRI",0.00165261061920317,"ON-ROAD",2005
"24510","220100123B","PM25-PRI",2.59,"ON-ROAD",2005
"24510","220100123T","PM25-PRI",0.97,"ON-ROAD",2005
"24510","220100123X","PM25-PRI",2.31,"ON-ROAD",2005
"24510","220100125B","PM25-PRI",0.34,"ON-ROAD",2005
"24510","220100125T","PM25-PRI",0.12,"ON-ROAD",2005
"24510","220100125X","PM25-PRI",0.3,"ON-ROAD",2005
"24510","220100127B","PM25-PRI",3.11,"ON-ROAD",2005
"24510","220100127T","PM25-PRI",1.17,"ON-ROAD",2005
"24510","220100127X","PM25-PRI",3.26,"ON-ROAD",2005
"24510","220100129B","PM25-PRI",1.95,"ON-ROAD",2005
"24510","220100129T","PM25-PRI",0.73,"ON-ROAD",2005
"24510","220100129X","PM25-PRI",2.05,"ON-ROAD",2005
"24510","220100131B","PM25-PRI",0.61,"ON-ROAD",2005
"24510","220100131T","PM25-PRI",0.23,"ON-ROAD",2005
"24510","220100131X","PM25-PRI",0.64,"ON-ROAD",2005
"24510","220100133B","PM25-PRI",0.7,"ON-ROAD",2005
"24510","220100133T","PM25-PRI",0.26,"ON-ROAD",2005
"24510","220100133X","PM25-PRI",0.73,"ON-ROAD",2005
"24510","220102017B","PM25-PRI",0.00201664405176415,"ON-ROAD",2005
"24510","220102017T","PM25-PRI",0.000755506494897396,"ON-ROAD",2005
"24510","220102017X","PM25-PRI",0.00201790018763858,"ON-ROAD",2005
"24510","220102019B","PM25-PRI",0.00201840799127239,"ON-ROAD",2005
"24510","220102019T","PM25-PRI",0.000756167337385691,"ON-ROAD",2005
"24510","220102019X","PM25-PRI",0.00208469806239008,"ON-ROAD",2005
"24510","220102021B","PM25-PRI",0.00137931399513035,"ON-ROAD",2005
"24510","220102021T","PM25-PRI",0.000516740019520499,"ON-ROAD",2005
"24510","220102021X","PM25-PRI",0.00142461446375818,"ON-ROAD",2005
"24510","220102023B","PM25-PRI",2.03,"ON-ROAD",2005
"24510","220102023T","PM25-PRI",0.76,"ON-ROAD",2005
"24510","220102023X","PM25-PRI",2.03,"ON-ROAD",2005
"24510","220102025B","PM25-PRI",0.26,"ON-ROAD",2005
"24510","220102025T","PM25-PRI",0.1,"ON-ROAD",2005
"24510","220102025X","PM25-PRI",0.26,"ON-ROAD",2005
"24510","220102027B","PM25-PRI",2.44,"ON-ROAD",2005
"24510","220102027T","PM25-PRI",0.91,"ON-ROAD",2005
"24510","220102027X","PM25-PRI",2.69,"ON-ROAD",2005
"24510","220102029B","PM25-PRI",1.53,"ON-ROAD",2005
"24510","220102029T","PM25-PRI",0.57,"ON-ROAD",2005
"24510","220102029X","PM25-PRI",1.69,"ON-ROAD",2005
"24510","220102031B","PM25-PRI",0.48,"ON-ROAD",2005
"24510","220102031T","PM25-PRI",0.18,"ON-ROAD",2005
"24510","220102031X","PM25-PRI",0.52,"ON-ROAD",2005
"24510","220102033B","PM25-PRI",0.55,"ON-ROAD",2005
"24510","220102033T","PM25-PRI",0.2,"ON-ROAD",2005
"24510","220102033X","PM25-PRI",0.6,"ON-ROAD",2005
"24510","220104017B","PM25-PRI",0.000695804468705305,"ON-ROAD",2005
"24510","220104017T","PM25-PRI",0.00026094571694557,"ON-ROAD",2005
"24510","220104017X","PM25-PRI",0.000769752296037022,"ON-ROAD",2005
"24510","220104019B","PM25-PRI",0.000695216753229017,"ON-ROAD",2005
"24510","220104019T","PM25-PRI",0.000260725311818532,"ON-ROAD",2005
"24510","220104019X","PM25-PRI",0.000788650861068143,"ON-ROAD",2005
"24510","220104021B","PM25-PRI",0.000476014865853344,"ON-ROAD",2005
"24510","220104021T","PM25-PRI",0.000178518600478126,"ON-ROAD",2005
"24510","220104021X","PM25-PRI",0.00053998917428542,"ON-ROAD",2005
"24510","220104023B","PM25-PRI",0.7,"ON-ROAD",2005
"24510","220104023T","PM25-PRI",0.26,"ON-ROAD",2005
"24510","220104023X","PM25-PRI",0.77,"ON-ROAD",2005
"24510","220104025B","PM25-PRI",0.09,"ON-ROAD",2005
"24510","220104025T","PM25-PRI",0.03,"ON-ROAD",2005
"24510","220104025X","PM25-PRI",0.1,"ON-ROAD",2005
"24510","220104027B","PM25-PRI",0.84,"ON-ROAD",2005
"24510","220104027T","PM25-PRI",0.31,"ON-ROAD",2005
"24510","220104027X","PM25-PRI",1,"ON-ROAD",2005
"24510","220104029B","PM25-PRI",0.52,"ON-ROAD",2005
"24510","220104029T","PM25-PRI",0.19,"ON-ROAD",2005
"24510","220104029X","PM25-PRI",0.63,"ON-ROAD",2005
"24510","220104031B","PM25-PRI",0.16,"ON-ROAD",2005
"24510","220104031T","PM25-PRI",0.06,"ON-ROAD",2005
"24510","220104031X","PM25-PRI",0.19,"ON-ROAD",2005
"24510","220104033B","PM25-PRI",0.19,"ON-ROAD",2005
"24510","220104033T","PM25-PRI",0.07,"ON-ROAD",2005
"24510","220104033X","PM25-PRI",0.22,"ON-ROAD",2005
"24510","220107017B","PM25-PRI",0.000138687534672497,"ON-ROAD",2005
"24510","220107017T","PM25-PRI",5.54221260244937e-05,"ON-ROAD",2005
"24510","220107017X","PM25-PRI",0.0014244634658098,"ON-ROAD",2005
"24510","220107019B","PM25-PRI",0.000137512267428972,"ON-ROAD",2005
"24510","220107019T","PM25-PRI",5.49814535588647e-05,"ON-ROAD",2005
"24510","220107019X","PM25-PRI",0.00141230358713073,"ON-ROAD",2005
"24510","220107021B","PM25-PRI",3.58464301370977e-05,"ON-ROAD",2005
"24510","220107021T","PM25-PRI",1.37719073336482e-05,"ON-ROAD",2005
"24510","220107021X","PM25-PRI",0.000369516790669866,"ON-ROAD",2005
"24510","220107023B","PM25-PRI",0.24,"ON-ROAD",2005
"24510","220107023T","PM25-PRI",0.09,"ON-ROAD",2005
"24510","220107023X","PM25-PRI",2.53,"ON-ROAD",2005
"24510","220107025B","PM25-PRI",0.01,"ON-ROAD",2005
"24510","220107025T","PM25-PRI",0.00805778550951,"ON-ROAD",2005
"24510","220107025X","PM25-PRI",0.2,"ON-ROAD",2005
"24510","220107027B","PM25-PRI",0.16,"ON-ROAD",2005
"24510","220107027T","PM25-PRI",0.06,"ON-ROAD",2005
"24510","220107027X","PM25-PRI",1.69,"ON-ROAD",2005
"24510","220107029B","PM25-PRI",0.08,"ON-ROAD",2005
"24510","220107029T","PM25-PRI",0.03,"ON-ROAD",2005
"24510","220107029X","PM25-PRI",0.9,"ON-ROAD",2005
"24510","220107031B","PM25-PRI",0.02,"ON-ROAD",2005
"24510","220107031T","PM25-PRI",0.01,"ON-ROAD",2005
"24510","220107031X","PM25-PRI",0.26,"ON-ROAD",2005
"24510","220107033B","PM25-PRI",0.01,"ON-ROAD",2005
"24510","220107033T","PM25-PRI",0.00747090088971,"ON-ROAD",2005
"24510","220107033X","PM25-PRI",0.19,"ON-ROAD",2005
"24510","220108017B","PM25-PRI",2.35450873731223e-06,"ON-ROAD",2005
"24510","220108017T","PM25-PRI",4.42101608655307e-07,"ON-ROAD",2005
"24510","220108017X","PM25-PRI",6.38128403807042e-06,"ON-ROAD",2005
"24510","220108019B","PM25-PRI",2.35450873731223e-06,"ON-ROAD",2005
"24510","220108019T","PM25-PRI",4.42101608655307e-07,"ON-ROAD",2005
"24510","220108019X","PM25-PRI",6.42555340846211e-06,"ON-ROAD",2005
"24510","220108021B","PM25-PRI",2.35450873731223e-06,"ON-ROAD",2005
"24510","220108021T","PM25-PRI",4.42101608655307e-07,"ON-ROAD",2005
"24510","220108021X","PM25-PRI",6.42555340846211e-06,"ON-ROAD",2005
"24510","220108023B","PM25-PRI",0.00419401615901,"ON-ROAD",2005
"24510","220108023T","PM25-PRI",0.0007875382361817,"ON-ROAD",2005
"24510","220108023X","PM25-PRI",0.01,"ON-ROAD",2005
"24510","220108025B","PM25-PRI",0.000555081747734202,"ON-ROAD",2005
"24510","220108025T","PM25-PRI",0.000104231384284501,"ON-ROAD",2005
"24510","220108025X","PM25-PRI",0.00150443697930312,"ON-ROAD",2005
"24510","220108027B","PM25-PRI",0.00503761035915,"ON-ROAD",2005
"24510","220108027T","PM25-PRI",0.000946007334277945,"ON-ROAD",2005
"24510","220108027X","PM25-PRI",0.01,"ON-ROAD",2005
"24510","220108029B","PM25-PRI",0.00316278118407352,"ON-ROAD",2005
"24510","220108029T","PM25-PRI",0.000593935204960859,"ON-ROAD",2005
"24510","220108029X","PM25-PRI",0.00874780263771,"ON-ROAD",2005
"24510","220108031B","PM25-PRI",0.000990098269539868,"ON-ROAD",2005
"24510","220108031T","PM25-PRI",0.000185929471626876,"ON-ROAD",2005
"24510","220108031X","PM25-PRI",0.00273847096832468,"ON-ROAD",2005
"24510","220108033B","PM25-PRI",0.00113608184619805,"ON-ROAD",2005
"24510","220108033T","PM25-PRI",0.000213343566429101,"ON-ROAD",2005
"24510","220108033X","PM25-PRI",0.00314341505873015,"ON-ROAD",2005
"24510","223000117B","PM25-PRI",2.35111346000848e-05,"ON-ROAD",2005
"24510","223000117T","PM25-PRI",8.82813287716985e-06,"ON-ROAD",2005
"24510","223000117X","PM25-PRI",0.000656990574498179,"ON-ROAD",2005
"24510","223000119B","PM25-PRI",2.35111346000848e-05,"ON-ROAD",2005
"24510","223000119T","PM25-PRI",8.82813287716985e-06,"ON-ROAD",2005
"24510","223000119X","PM25-PRI",0.000656990574498179,"ON-ROAD",2005
"24510","223000121B","PM25-PRI",1.70455714396665e-05,"ON-ROAD",2005
"24510","223000121T","PM25-PRI",6.40039593235983e-06,"ON-ROAD",2005
"24510","223000121X","PM25-PRI",0.00047631814231862,"ON-ROAD",2005
"24510","223000123B","PM25-PRI",0.02,"ON-ROAD",2005
"24510","223000123T","PM25-PRI",0.00900554202738,"ON-ROAD",2005
"24510","223000123X","PM25-PRI",0.67,"ON-ROAD",2005
"24510","223000125B","PM25-PRI",0.00317280748276969,"ON-ROAD",2005
"24510","223000125T","PM25-PRI",0.0011913517009816,"ON-ROAD",2005
"24510","223000125X","PM25-PRI",0.08,"ON-ROAD",2005
"24510","223000127B","PM25-PRI",0.02,"ON-ROAD",2005
"24510","223000127T","PM25-PRI",0.01,"ON-ROAD",2005
"24510","223000127X","PM25-PRI",0.8,"ON-ROAD",2005
"24510","223000129B","PM25-PRI",0.01,"ON-ROAD",2005
"24510","223000129T","PM25-PRI",0.0067883260758,"ON-ROAD",2005
"24510","223000129X","PM25-PRI",0.5,"ON-ROAD",2005
"24510","223000131B","PM25-PRI",0.00566433300089,"ON-ROAD",2005
"24510","223000131T","PM25-PRI",0.00212689710315316,"ON-ROAD",2005
"24510","223000131X","PM25-PRI",0.15,"ON-ROAD",2005
"24510","223000133B","PM25-PRI",0.00649014900945,"ON-ROAD",2005
"24510","223000133T","PM25-PRI",0.00243698224949183,"ON-ROAD",2005
"24510","223000133X","PM25-PRI",0.18,"ON-ROAD",2005
"24510","223006017B","PM25-PRI",4.93792708766692e-05,"ON-ROAD",2005
"24510","223006017T","PM25-PRI",1.85037903293049e-05,"ON-ROAD",2005
"24510","223006017X","PM25-PRI",0.000949667759414278,"ON-ROAD",2005
"24510","223006019B","PM25-PRI",4.93792708766692e-05,"ON-ROAD",2005
"24510","223006019T","PM25-PRI",1.85037903293049e-05,"ON-ROAD",2005
"24510","223006019X","PM25-PRI",0.000949667759414278,"ON-ROAD",2005
"24510","223006021B","PM25-PRI",1.82233388841267e-05,"ON-ROAD",2005
"24510","223006021T","PM25-PRI",6.8301369537947e-06,"ON-ROAD",2005
"24510","223006021X","PM25-PRI",0.00034810969009413,"ON-ROAD",2005
"24510","223006023B","PM25-PRI",0.07,"ON-ROAD",2005
"24510","223006023T","PM25-PRI",0.02,"ON-ROAD",2005
"24510","223006023X","PM25-PRI",1.39,"ON-ROAD",2005
"24510","223006025B","PM25-PRI",0.00646867690237,"ON-ROAD",2005
"24510","223006025T","PM25-PRI",0.0024239868071163,"ON-ROAD",2005
"24510","223006025X","PM25-PRI",0.12,"ON-ROAD",2005
"24510","223006027B","PM25-PRI",0.05,"ON-ROAD",2005
"24510","223006027T","PM25-PRI",0.02,"ON-ROAD",2005
"24510","223006027X","PM25-PRI",1.03,"ON-ROAD",2005
"24510","223006029B","PM25-PRI",0.02,"ON-ROAD",2005
"24510","223006029T","PM25-PRI",0.01,"ON-ROAD",2005
"24510","223006029X","PM25-PRI",0.57,"ON-ROAD",2005
"24510","223006031B","PM25-PRI",0.00900993798643,"ON-ROAD",2005
"24510","223006031T","PM25-PRI",0.0033764638355933,"ON-ROAD",2005
"24510","223006031X","PM25-PRI",0.17,"ON-ROAD",2005
"24510","223006033B","PM25-PRI",0.00737514940358,"ON-ROAD",2005
"24510","223006033T","PM25-PRI",0.00276410560763905,"ON-ROAD",2005
"24510","223006033X","PM25-PRI",0.14,"ON-ROAD",2005
"24510","223007117B","PM25-PRI",1.05850325553545e-05,"ON-ROAD",2005
"24510","223007117T","PM25-PRI",3.96703944716111e-06,"ON-ROAD",2005
"24510","223007117X","PM25-PRI",0.00025116657889157,"ON-ROAD",2005
"24510","223007119B","PM25-PRI",1.05850325553545e-05,"ON-ROAD",2005
"24510","223007119T","PM25-PRI",3.96703944716111e-06,"ON-ROAD",2005
"24510","223007119X","PM25-PRI",0.00025116657889157,"ON-ROAD",2005
"24510","223007121B","PM25-PRI",2.35222947253531e-06,"ON-ROAD",2005
"24510","223007121T","PM25-PRI",8.81564332644289e-07,"ON-ROAD",2005
"24510","223007121X","PM25-PRI",5.5814796724006e-05,"ON-ROAD",2005
"24510","223007123B","PM25-PRI",0.01,"ON-ROAD",2005
"24510","223007123T","PM25-PRI",0.00708625570222,"ON-ROAD",2005
"24510","223007123X","PM25-PRI",0.44,"ON-ROAD",2005
"24510","223007125B","PM25-PRI",0.00155364473903317,"ON-ROAD",2005
"24510","223007125T","PM25-PRI",0.000582274966291134,"ON-ROAD",2005
"24510","223007125X","PM25-PRI",0.03,"ON-ROAD",2005
"24510","223007127B","PM25-PRI",0.01,"ON-ROAD",2005
"24510","223007127T","PM25-PRI",0.00470428130792,"ON-ROAD",2005
"24510","223007127X","PM25-PRI",0.29,"ON-ROAD",2005
"24510","223007129B","PM25-PRI",0.0067144090404,"ON-ROAD",2005
"24510","223007129T","PM25-PRI",0.00251644349191336,"ON-ROAD",2005
"24510","223007129X","PM25-PRI",0.15,"ON-ROAD",2005
"24510","223007131B","PM25-PRI",0.00200350237719248,"ON-ROAD",2005
"24510","223007131T","PM25-PRI",0.00075087779623571,"ON-ROAD",2005
"24510","223007131X","PM25-PRI",0.04,"ON-ROAD",2005
"24510","223007133B","PM25-PRI",0.00140074624505359,"ON-ROAD",2005
"24510","223007133T","PM25-PRI",0.000524975293956215,"ON-ROAD",2005
"24510","223007133X","PM25-PRI",0.03,"ON-ROAD",2005
"24510","223007217B","PM25-PRI",3.9986762203624e-05,"ON-ROAD",2005
"24510","223007217T","PM25-PRI",2.24792644303306e-05,"ON-ROAD",2005
"24510","223007217X","PM25-PRI",0.000832106925372485,"ON-ROAD",2005
"24510","223007219B","PM25-PRI",3.9986762203624e-05,"ON-ROAD",2005
"24510","223007219T","PM25-PRI",2.24792644303306e-05,"ON-ROAD",2005
"24510","223007219X","PM25-PRI",0.000832106925372485,"ON-ROAD",2005
"24510","223007221B","PM25-PRI",1.23486007623795e-05,"ON-ROAD",2005
"24510","223007221T","PM25-PRI",6.94171404802532e-06,"ON-ROAD",2005
"24510","223007221X","PM25-PRI",0.000254593545832903,"ON-ROAD",2005
"24510","223007223B","PM25-PRI",0.07,"ON-ROAD",2005
"24510","223007223T","PM25-PRI",0.03,"ON-ROAD",2005
"24510","223007223X","PM25-PRI",1.46,"ON-ROAD",2005
"24510","223007225B","PM25-PRI",0.00575220820444,"ON-ROAD",2005
"24510","223007225T","PM25-PRI",0.00323369656689463,"ON-ROAD",2005
"24510","223007225X","PM25-PRI",0.12,"ON-ROAD",2005
"24510","223007227B","PM25-PRI",0.04,"ON-ROAD",2005
"24510","223007227T","PM25-PRI",0.02,"ON-ROAD",2005
"24510","223007227X","PM25-PRI",0.97,"ON-ROAD",2005
"24510","223007229B","PM25-PRI",0.02,"ON-ROAD",2005
"24510","223007229T","PM25-PRI",0.01,"ON-ROAD",2005
"24510","223007229X","PM25-PRI",0.51,"ON-ROAD",2005
"24510","223007231B","PM25-PRI",0.0074181280784,"ON-ROAD",2005
"24510","223007231T","PM25-PRI",0.00417019752606,"ON-ROAD",2005
"24510","223007231X","PM25-PRI",0.15,"ON-ROAD",2005
"24510","223007233B","PM25-PRI",0.00518592720393,"ON-ROAD",2005
"24510","223007233T","PM25-PRI",0.00291533698327838,"ON-ROAD",2005
"24510","223007233X","PM25-PRI",0.1,"ON-ROAD",2005
"24510","223007317B","PM25-PRI",8.52531384225573e-05,"ON-ROAD",2005
"24510","223007317T","PM25-PRI",4.79449595331954e-05,"ON-ROAD",2005
"24510","223007317X","PM25-PRI",0.00352604480560058,"ON-ROAD",2005
"24510","223007319B","PM25-PRI",8.40772358969826e-05,"ON-ROAD",2005
"24510","223007319T","PM25-PRI",4.72836529752369e-05,"ON-ROAD",2005
"24510","223007319X","PM25-PRI",0.00347673168247587,"ON-ROAD",2005
"24510","223007321B","PM25-PRI",2.11662963920388e-05,"ON-ROAD",2005
"24510","223007321T","PM25-PRI",1.19035794341469e-05,"ON-ROAD",2005
"24510","223007321X","PM25-PRI",0.000874429708346709,"ON-ROAD",2005
"24510","223007323B","PM25-PRI",0.13,"ON-ROAD",2005
"24510","223007323T","PM25-PRI",0.07,"ON-ROAD",2005
"24510","223007323X","PM25-PRI",5.69,"ON-ROAD",2005
"24510","223007325B","PM25-PRI",0.01,"ON-ROAD",2005
"24510","223007325T","PM25-PRI",0.00636511004832,"ON-ROAD",2005
"24510","223007325X","PM25-PRI",0.46,"ON-ROAD",2005
"24510","223007327B","PM25-PRI",0.09,"ON-ROAD",2005
"24510","223007327T","PM25-PRI",0.05,"ON-ROAD",2005
"24510","223007327X","PM25-PRI",3.78,"ON-ROAD",2005
"24510","223007329B","PM25-PRI",0.04,"ON-ROAD",2005
"24510","223007329T","PM25-PRI",0.02,"ON-ROAD",2005
"24510","223007329X","PM25-PRI",2.02,"ON-ROAD",2005
"24510","223007331B","PM25-PRI",0.01,"ON-ROAD",2005
"24510","223007331T","PM25-PRI",0.00820719543687,"ON-ROAD",2005
"24510","223007331X","PM25-PRI",0.6,"ON-ROAD",2005
"24510","223007333B","PM25-PRI",0.01,"ON-ROAD",2005
"24510","223007333T","PM25-PRI",0.00573852273948,"ON-ROAD",2005
"24510","223007333X","PM25-PRI",0.42,"ON-ROAD",2005
"24510","223007417B","PM25-PRI",0.000166375421940756,"ON-ROAD",2005
"24510","223007417T","PM25-PRI",0.000280772173937292,"ON-ROAD",2005
"24510","223007417X","PM25-PRI",0.00863275123839,"ON-ROAD",2005
"24510","223007419B","PM25-PRI",0.000170490586242521,"ON-ROAD",2005
"24510","223007419T","PM25-PRI",0.000287716722596086,"ON-ROAD",2005
"24510","223007419X","PM25-PRI",0.00886091432493,"ON-ROAD",2005
"24510","223007421B","PM25-PRI",4.76197951684282e-05,"ON-ROAD",2005
"24510","223007421T","PM25-PRI",8.03622901912589e-05,"ON-ROAD",2005
"24510","223007421X","PM25-PRI",0.00247353718441444,"ON-ROAD",2005
"24510","223007423B","PM25-PRI",0.28,"ON-ROAD",2005
"24510","223007423T","PM25-PRI",0.47,"ON-ROAD",2005
"24510","223007423X","PM25-PRI",14.74,"ON-ROAD",2005
"24510","223007425B","PM25-PRI",0.02,"ON-ROAD",2005
"24510","223007425T","PM25-PRI",0.03,"ON-ROAD",2005
"24510","223007425X","PM25-PRI",1.2,"ON-ROAD",2005
"24510","223007427B","PM25-PRI",0.19,"ON-ROAD",2005
"24510","223007427T","PM25-PRI",0.33,"ON-ROAD",2005
"24510","223007427X","PM25-PRI",10.28,"ON-ROAD",2005
"24510","223007429B","PM25-PRI",0.1,"ON-ROAD",2005
"24510","223007429T","PM25-PRI",0.17,"ON-ROAD",2005
"24510","223007429X","PM25-PRI",5.5,"ON-ROAD",2005
"24510","223007431B","PM25-PRI",0.03,"ON-ROAD",2005
"24510","223007431T","PM25-PRI",0.05,"ON-ROAD",2005
"24510","223007431X","PM25-PRI",1.62,"ON-ROAD",2005
"24510","223007433B","PM25-PRI",0.02,"ON-ROAD",2005
"24510","223007433T","PM25-PRI",0.03,"ON-ROAD",2005
"24510","223007433X","PM25-PRI",1.17,"ON-ROAD",2005
"24510","223007517B","PM25-PRI",7.39683032406887e-05,"ON-ROAD",2005
"24510","223007517T","PM25-PRI",4.17990013374929e-05,"ON-ROAD",2005
"24510","223007517X","PM25-PRI",0.00704670778782,"ON-ROAD",2005
"24510","223007519B","PM25-PRI",7.04559415680689e-05,"ON-ROAD",2005
"24510","223007519T","PM25-PRI",3.97952837829487e-05,"ON-ROAD",2005
"24510","223007519X","PM25-PRI",0.00679406116097,"ON-ROAD",2005
"24510","223007521B","PM25-PRI",5.81196509301644e-05,"ON-ROAD",2005
"24510","223007521T","PM25-PRI",3.28397982229943e-05,"ON-ROAD",2005
"24510","223007521X","PM25-PRI",0.00555088094438,"ON-ROAD",2005
"24510","223007523B","PM25-PRI",0.04,"ON-ROAD",2005
"24510","223007523T","PM25-PRI",0.02,"ON-ROAD",2005
"24510","223007523X","PM25-PRI",4.82,"ON-ROAD",2005
"24510","223007525B","PM25-PRI",0.0038334683616293,"ON-ROAD",2005
"24510","223007525T","PM25-PRI",0.00216061882383654,"ON-ROAD",2005
"24510","223007525X","PM25-PRI",0.38,"ON-ROAD",2005
"24510","223007527B","PM25-PRI",0.05,"ON-ROAD",2005
"24510","223007527T","PM25-PRI",0.03,"ON-ROAD",2005
"24510","223007527X","PM25-PRI",5.64,"ON-ROAD",2005
"24510","223007529B","PM25-PRI",0.03,"ON-ROAD",2005
"24510","223007529T","PM25-PRI",0.01,"ON-ROAD",2005
"24510","223007529X","PM25-PRI",3.3,"ON-ROAD",2005
"24510","223007531B","PM25-PRI",0.01,"ON-ROAD",2005
"24510","223007531T","PM25-PRI",0.00701503350712,"ON-ROAD",2005
"24510","223007531X","PM25-PRI",1.23,"ON-ROAD",2005
"24510","223007533B","PM25-PRI",0.01,"ON-ROAD",2005
"24510","223007533T","PM25-PRI",0.0096938834158,"ON-ROAD",2005
"24510","223007533X","PM25-PRI",1.67,"ON-ROAD",2005
"24510","2260003030","PM25-PRI",0.01,"NON-ROAD",2005
"24510","2260003040","PM25-PRI",0.0009783056,"NON-ROAD",2005
"24510","2260004015","PM25-PRI",0.18,"NON-ROAD",2005
"24510","2260004016","PM25-PRI",0.14,"NON-ROAD",2005
"24510","2260004020","PM25-PRI",2.5,"NON-ROAD",2005
"24510","2260004021","PM25-PRI",2.68,"NON-ROAD",2005
"24510","2260004025","PM25-PRI",3.51,"NON-ROAD",2005
"24510","2260004026","PM25-PRI",1.47,"NON-ROAD",2005
"24510","2260004030","PM25-PRI",2.24,"NON-ROAD",2005
"24510","2260004031","PM25-PRI",1.64,"NON-ROAD",2005
"24510","2260004035","PM25-PRI",0.76,"NON-ROAD",2005
"24510","2260004036","PM25-PRI",0.29,"NON-ROAD",2005
"24510","2260004071","PM25-PRI",0.0005861898,"NON-ROAD",2005
"24510","2260006005","PM25-PRI",0.19,"NON-ROAD",2005
"24510","2260006010","PM25-PRI",1.4,"NON-ROAD",2005
"24510","2260006015","PM25-PRI",0.0005122234,"NON-ROAD",2005
"24510","2260006035","PM25-PRI",0.0080728407,"NON-ROAD",2005
"24510","2265001050","PM25-PRI",0.04,"NON-ROAD",2005
"24510","2265003010","PM25-PRI",0.01,"NON-ROAD",2005
"24510","2265003020","PM25-PRI",0.05,"NON-ROAD",2005
"24510","2265003030","PM25-PRI",0.01,"NON-ROAD",2005
"24510","2265003040","PM25-PRI",0.06,"NON-ROAD",2005
"24510","2265003050","PM25-PRI",0.0013772507,"NON-ROAD",2005
"24510","2265003060","PM25-PRI",0.0011149085,"NON-ROAD",2005
"24510","2265003070","PM25-PRI",0.0060235157,"NON-ROAD",2005
"24510","2265004010","PM25-PRI",0.94,"NON-ROAD",2005
"24510","2265004011","PM25-PRI",0.13,"NON-ROAD",2005
"24510","2265004015","PM25-PRI",0.08,"NON-ROAD",2005
"24510","2265004016","PM25-PRI",0.06,"NON-ROAD",2005
"24510","2265004025","PM25-PRI",0.0054815914,"NON-ROAD",2005
"24510","2265004026","PM25-PRI",0.0025023295,"NON-ROAD",2005
"24510","2265004030","PM25-PRI",0.01,"NON-ROAD",2005
"24510","2265004031","PM25-PRI",0.06,"NON-ROAD",2005
"24510","2265004035","PM25-PRI",0.03,"NON-ROAD",2005
"24510","2265004036","PM25-PRI",0.01,"NON-ROAD",2005
"24510","2265004040","PM25-PRI",0.09,"NON-ROAD",2005
"24510","2265004041","PM25-PRI",0.0069408401,"NON-ROAD",2005
"24510","2265004046","PM25-PRI",0.0084194273,"NON-ROAD",2005
"24510","2265004051","PM25-PRI",0.0072189384,"NON-ROAD",2005
"24510","2265004055","PM25-PRI",1.34,"NON-ROAD",2005
"24510","2265004056","PM25-PRI",0.09,"NON-ROAD",2005
"24510","2265004066","PM25-PRI",0.01,"NON-ROAD",2005
"24510","2265004071","PM25-PRI",0.34,"NON-ROAD",2005
"24510","2265004075","PM25-PRI",0.07,"NON-ROAD",2005
"24510","2265004076","PM25-PRI",0.01,"NON-ROAD",2005
"24510","2265006005","PM25-PRI",0.73,"NON-ROAD",2005
"24510","2265006010","PM25-PRI",0.25,"NON-ROAD",2005
"24510","2265006015","PM25-PRI",0.11,"NON-ROAD",2005
"24510","2265006025","PM25-PRI",0.18,"NON-ROAD",2005
"24510","2265006030","PM25-PRI",0.42,"NON-ROAD",2005
"24510","2265006035","PM25-PRI",0.01,"NON-ROAD",2005
"24510","2265010010","PM25-PRI",0.0026035674,"NON-ROAD",2005
"24510","2267003010","PM25-PRI",0.01,"NON-ROAD",2005
"24510","2267003020","PM25-PRI",1.76,"NON-ROAD",2005
"24510","2267003030","PM25-PRI",0.01,"NON-ROAD",2005
"24510","2267003040","PM25-PRI",0.0041615147,"NON-ROAD",2005
"24510","2267003050","PM25-PRI",0.0010000453,"NON-ROAD",2005
"24510","2267003070","PM25-PRI",0.0083001321,"NON-ROAD",2005
"24510","2267004066","PM25-PRI",0.0049440744,"NON-ROAD",2005
"24510","2267006005","PM25-PRI",0.06,"NON-ROAD",2005
"24510","2267006010","PM25-PRI",0.01,"NON-ROAD",2005
"24510","2267006015","PM25-PRI",0.01,"NON-ROAD",2005
"24510","2267006025","PM25-PRI",0.02,"NON-ROAD",2005
"24510","2267006030","PM25-PRI",0.0002818185,"NON-ROAD",2005
"24510","2267006035","PM25-PRI",0.0002788283,"NON-ROAD",2005
"24510","2268003020","PM25-PRI",0.12,"NON-ROAD",2005
"24510","2268003030","PM25-PRI",0.0001438932,"NON-ROAD",2005
"24510","2268003040","PM25-PRI",7.83812e-05,"NON-ROAD",2005
"24510","2268003060","PM25-PRI",0.0004158585,"NON-ROAD",2005
"24510","2268003070","PM25-PRI",0.0005904125,"NON-ROAD",2005
"24510","2268006005","PM25-PRI",0.01,"NON-ROAD",2005
"24510","2268006010","PM25-PRI",0.0009819284,"NON-ROAD",2005
"24510","2268006015","PM25-PRI",0.0014054561,"NON-ROAD",2005
"24510","2268006020","PM25-PRI",0.05,"NON-ROAD",2005
"24510","2268010010","PM25-PRI",0.0017169765,"NON-ROAD",2005
"24510","2270003010","PM25-PRI",0.65,"NON-ROAD",2005
"24510","2270003020","PM25-PRI",4,"NON-ROAD",2005
"24510","2270003030","PM25-PRI",1.43,"NON-ROAD",2005
"24510","2270003040","PM25-PRI",1.6,"NON-ROAD",2005
"24510","2270003050","PM25-PRI",0.13,"NON-ROAD",2005
"24510","2270003060","PM25-PRI",8.86,"NON-ROAD",2005
"24510","2270003070","PM25-PRI",1.95,"NON-ROAD",2005
"24510","2270004031","PM25-PRI",8.27784e-05,"NON-ROAD",2005
"24510","2270004036","PM25-PRI",0.01,"NON-ROAD",2005
"24510","2270004046","PM25-PRI",0.53,"NON-ROAD",2005
"24510","2270004056","PM25-PRI",0.1,"NON-ROAD",2005
"24510","2270004066","PM25-PRI",0.61,"NON-ROAD",2005
"24510","2270004071","PM25-PRI",0.05,"NON-ROAD",2005
"24510","2270004076","PM25-PRI",0.0021280069,"NON-ROAD",2005
"24510","2270006005","PM25-PRI",5.23,"NON-ROAD",2005
"24510","2270006010","PM25-PRI",1.26,"NON-ROAD",2005
"24510","2270006015","PM25-PRI",2.89,"NON-ROAD",2005
"24510","2270006025","PM25-PRI",3.17,"NON-ROAD",2005
"24510","2270006030","PM25-PRI",0.14,"NON-ROAD",2005
"24510","2270006035","PM25-PRI",0.12,"NON-ROAD",2005
"24510","2270010010","PM25-PRI",0.05,"NON-ROAD",2005
"24510","2280002100","PM25-PRI",40.03,"NON-ROAD",2005
"24510","2280002200","PM25-PRI",0.65,"NON-ROAD",2005
"24510","2280003000","PM25-PRI",107.12,"NON-ROAD",2005
"24510","2282005010","PM25-PRI",2.74,"NON-ROAD",2005
"24510","2282005015","PM25-PRI",1.1,"NON-ROAD",2005
"24510","2282010005","PM25-PRI",0.05,"NON-ROAD",2005
"24510","2282020005","PM25-PRI",0.21,"NON-ROAD",2005
"24510","2282020010","PM25-PRI",0.0045723616,"NON-ROAD",2005
"24510","2285002006","PM25-PRI",9.23,"NON-ROAD",2005
"24510","2285002008","PM25-PRI",0.02,"NON-ROAD",2005
"24510","2285002009","PM25-PRI",6.97,"NON-ROAD",2005
"24510","2285002010","PM25-PRI",23.54,"NON-ROAD",2005
"24510","2285002015","PM25-PRI",0.2,"NON-ROAD",2005
"24510","2285004015","PM25-PRI",0.000756666,"NON-ROAD",2005
"24510","2285006015","PM25-PRI",1.86445e-05,"NON-ROAD",2005
"24510","2275050011","PM25-PRI",0.000783137,"POINT",2008
"24510","2275050012","PM25-PRI",0.00138622,"POINT",2008
"24510","2275050011","PM25-PRI",0.000783137,"POINT",2008
"24510","2275050012","PM25-PRI",0.00138622,"POINT",2008
"24510","2275050011","PM25-PRI",0.000783137,"POINT",2008
"24510","2275050012","PM25-PRI",0.00138622,"POINT",2008
"24510","2275050011","PM25-PRI",0.000783137,"POINT",2008
"24510","2275050012","PM25-PRI",0.00138622,"POINT",2008
"24510","2275050011","PM25-PRI",0.000783137,"POINT",2008
"24510","2275050012","PM25-PRI",0.00138622,"POINT",2008
"24510","2275050011","PM25-PRI",0.000783137,"POINT",2008
"24510","2275050012","PM25-PRI",0.00138622,"POINT",2008
"24510","2275050011","PM25-PRI",0.000783137,"POINT",2008
"24510","2275050012","PM25-PRI",0.00138622,"POINT",2008
"24510","2275050011","PM25-PRI",0.000783137,"POINT",2008
"24510","2275050012","PM25-PRI",0.00138622,"POINT",2008
"24510","2275050011","PM25-PRI",0.000783137,"POINT",2008
"24510","2275050012","PM25-PRI",0.00138622,"POINT",2008
"24510","2275050011","PM25-PRI",0.000783137,"POINT",2008
"24510","2275050012","PM25-PRI",0.00138622,"POINT",2008
"24510","2285002010","PM25-PRI",4.81,"NONPOINT",2008
"24510","2285002009","PM25-PRI",0,"NONPOINT",2008
"24510","2285002007","PM25-PRI",0.107503842,"NONPOINT",2008
"24510","2280003100","PM25-PRI",75.3358,"NONPOINT",2008
"24510","2280003100","PM25-PRI",11.8951,"NONPOINT",2008
"24510","2280002100","PM25-PRI",224.745,"NONPOINT",2008
"24510","2296000000","PM25-PRI",0.8137,"NONPOINT",2008
"24510","2280002200","PM25-PRI",53.48182,"NONPOINT",2008
"24510","2285002006","PM25-PRI",4.2106458801,"NONPOINT",2008
"24510","2285002008","PM25-PRI",0,"NONPOINT",2008
"24510","2294000000","PM25-PRI",22.09,"NONPOINT",2008
"24510","2230072290","PM25-PRI",0.0137892,"ON-ROAD",2008
"24510","2201001250","PM25-PRI",0.414028,"ON-ROAD",2008
"24510","2201020330","PM25-PRI",0.148817,"ON-ROAD",2008
"24510","2201070170","PM25-PRI",0.00126115,"ON-ROAD",2008
"24510","2201001270","PM25-PRI",2.98886,"ON-ROAD",2008
"24510","2201001310","PM25-PRI",0.742692,"ON-ROAD",2008
"24510","2230075270","PM25-PRI",0.0125277,"ON-ROAD",2008
"24510","2230075310","PM25-PRI",0.00430875,"ON-ROAD",2008
"24510","2201080330","PM25-PRI",0.00133844,"ON-ROAD",2008
"24510","2230073190","PM25-PRI",7.19266e-05,"ON-ROAD",2008
"24510","2201020230","PM25-PRI",0.607505,"ON-ROAD",2008
"24510","2230074310","PM25-PRI",0.0501417,"ON-ROAD",2008
"24510","2230060330","PM25-PRI",0.00787263,"ON-ROAD",2008
"24510","2201040270","PM25-PRI",0.733697,"ON-ROAD",2008
"24510","2201070330","PM25-PRI",0.0144085,"ON-ROAD",2008
"24510","2230075190","PM25-PRI",2.37877e-05,"ON-ROAD",2008
"24510","2230074250","PM25-PRI",0.0233622,"ON-ROAD",2008
"24510","2230001330","PM25-PRI",0.021742,"ON-ROAD",2008
"24510","2230071190","PM25-PRI",1.53479e-05,"ON-ROAD",2008
"24510","2230060290","PM25-PRI",0.30316,"ON-ROAD",2008
"24510","2230060310","PM25-PRI",0.00280435,"ON-ROAD",2008
"24510","2201020190","PM25-PRI",0.000578253,"ON-ROAD",2008
"24510","2230073250","PM25-PRI",0.187809,"ON-ROAD",2008
"24510","2201070330","PM25-PRI",0.0355012,"ON-ROAD",2008
"24510","2230001230","PM25-PRI",0.0886584,"ON-ROAD",2008
"24510","2201040170","PM25-PRI",0.000254731,"ON-ROAD",2008
"24510","2230073290","PM25-PRI",0.820354,"ON-ROAD",2008
"24510","2230073230","PM25-PRI",0.0500087,"ON-ROAD",2008
"24510","2230071270","PM25-PRI",0.036138,"ON-ROAD",2008
"24510","2201001330","PM25-PRI",0.675915,"ON-ROAD",2008
"24510","2230075330","PM25-PRI",0.00562571,"ON-ROAD",2008
"24510","2230073310","PM25-PRI",0.403061,"ON-ROAD",2008
"24510","2201020270","PM25-PRI",1.88701,"ON-ROAD",2008
"24510","2230072190","PM25-PRI",0.000398836,"ON-ROAD",2008
"24510","2201020270","PM25-PRI",1.57635,"ON-ROAD",2008
"24510","2230075290","PM25-PRI",0.00699226,"ON-ROAD",2008
"24510","2230060290","PM25-PRI",0.0232435,"ON-ROAD",2008
"24510","2230001310","PM25-PRI",0.000298166,"ON-ROAD",2008
"24510","2201040250","PM25-PRI",0.0347238,"ON-ROAD",2008
"24510","2230071230","PM25-PRI",0.0514461,"ON-ROAD",2008
"24510","2230060170","PM25-PRI",3.21767e-05,"ON-ROAD",2008
"24510","2230001330","PM25-PRI",0.000313755,"ON-ROAD",2008
"24510","2230074290","PM25-PRI",0.172223,"ON-ROAD",2008
"24510","2201040250","PM25-PRI",0.0806081,"ON-ROAD",2008
"24510","2201020290","PM25-PRI",1.17221,"ON-ROAD",2008
"24510","2230001170","PM25-PRI",8.06651e-07,"ON-ROAD",2008
"24510","2230075250","PM25-PRI",0.00132682,"ON-ROAD",2008
"24510","2230071230","PM25-PRI",0.778241,"ON-ROAD",2008
"24510","2201040290","PM25-PRI",0.193517,"ON-ROAD",2008
"24510","2230072290","PM25-PRI",0.182651,"ON-ROAD",2008
"24510","2201040270","PM25-PRI",0.311522,"ON-ROAD",2008
"24510","2201070310","PM25-PRI",0.28503,"ON-ROAD",2008
"24510","2201020190","PM25-PRI",0.00127458,"ON-ROAD",2008
"24510","2201001270","PM25-PRI",1.39512,"ON-ROAD",2008
"24510","2201080270","PM25-PRI",0.11214,"ON-ROAD",2008
"24510","2230075250","PM25-PRI",0.08063,"ON-ROAD",2008
"24510","2230073250","PM25-PRI",0.00407388,"ON-ROAD",2008
"24510","2230071190","PM25-PRI",4.09783e-05,"ON-ROAD",2008
"24510","2230074270","PM25-PRI",6.81165,"ON-ROAD",2008
"24510","2230075310","PM25-PRI",0.261984,"ON-ROAD",2008
"24510","2230072250","PM25-PRI",0.00315543,"ON-ROAD",2008
"24510","2230074270","PM25-PRI",0.339965,"ON-ROAD",2008
"24510","2230074230","PM25-PRI",9.69693,"ON-ROAD",2008
"24510","2230074250","PM25-PRI",0.789868,"ON-ROAD",2008
"24510","2230073290","PM25-PRI",0.0316408,"ON-ROAD",2008
"24510","2201040250","PM25-PRI",0.092582,"ON-ROAD",2008
"24510","2201080290","PM25-PRI",0.0691685,"ON-ROAD",2008
"24510","2230072270","PM25-PRI",0.0272161,"ON-ROAD",2008
"24510","2201080330","PM25-PRI",0.0193194,"ON-ROAD",2008
"24510","2201070290","PM25-PRI",0.0287491,"ON-ROAD",2008
"24510","2230072310","PM25-PRI",0.00677434,"ON-ROAD",2008
"24510","2201001190","PM25-PRI",0.00114129,"ON-ROAD",2008
"24510","2230074230","PM25-PRI",0.286812,"ON-ROAD",2008
"24510","2230001270","PM25-PRI",0.00396935,"ON-ROAD",2008
"24510","2230075170","PM25-PRI",2.82461e-05,"ON-ROAD",2008
"24510","2230073230","PM25-PRI",0.088921,"ON-ROAD",2008
"24510","2201070250","PM25-PRI",0.0162223,"ON-ROAD",2008
"24510","2201070230","PM25-PRI",0.0806734,"ON-ROAD",2008
"24510","2201070270","PM25-PRI",1.14159,"ON-ROAD",2008
"24510","2230074170","PM25-PRI",0.000231082,"ON-ROAD",2008
"24510","2201080250","PM25-PRI",0.00471359,"ON-ROAD",2008
"24510","2230071290","PM25-PRI",0.00685699,"ON-ROAD",2008
"24510","2230073310","PM25-PRI",0.0155458,"ON-ROAD",2008
"24510","2230001330","PM25-PRI",0.000834846,"ON-ROAD",2008
"24510","2230074290","PM25-PRI",0.102059,"ON-ROAD",2008
"24510","2230074310","PM25-PRI",1.69532,"ON-ROAD",2008
"24510","2230060230","PM25-PRI",0.419124,"ON-ROAD",2008
"24510","2230074190","PM25-PRI",0.00779354,"ON-ROAD",2008
"24510","2230071330","PM25-PRI",0.13813,"ON-ROAD",2008
"24510","2230060170","PM25-PRI",0.000419485,"ON-ROAD",2008
"24510","2230073330","PM25-PRI",0.409164,"ON-ROAD",2008
"24510","2201040270","PM25-PRI",0.830592,"ON-ROAD",2008
"24510","2230073190","PM25-PRI",4.04511e-05,"ON-ROAD",2008
"24510","2201020290","PM25-PRI",0.439363,"ON-ROAD",2008
"24510","2201070310","PM25-PRI",0.0348982,"ON-ROAD",2008
"24510","2201040170","PM25-PRI",0.000594206,"ON-ROAD",2008
"24510","2201080310","PM25-PRI",0.00744762,"ON-ROAD",2008
"24510","2201001250","PM25-PRI",0.324528,"ON-ROAD",2008
"24510","2230075190","PM25-PRI",4.21363e-05,"ON-ROAD",2008
"24510","2201080250","PM25-PRI",0.000885849,"ON-ROAD",2008
"24510","2201020230","PM25-PRI",1.33182,"ON-ROAD",2008
"24510","2230072230","PM25-PRI",0.513235,"ON-ROAD",2008
"24510","2230075270","PM25-PRI",0.00707226,"ON-ROAD",2008
"24510","2201020170","PM25-PRI",0.0012721,"ON-ROAD",2008
"24510","2230074270","PM25-PRI",0.201464,"ON-ROAD",2008
"24510","2230001250","PM25-PRI",0.000166256,"ON-ROAD",2008
"24510","2201001230","PM25-PRI",3.19042,"ON-ROAD",2008
"24510","2201070190","PM25-PRI",0.00125795,"ON-ROAD",2008
"24510","2230073250","PM25-PRI",0.00724381,"ON-ROAD",2008
"24510","2230060270","PM25-PRI",0.014025,"ON-ROAD",2008
"24510","2230001190","PM25-PRI",5.59034e-05,"ON-ROAD",2008
"24510","2230060330","PM25-PRI",0.102681,"ON-ROAD",2008
"24510","2230074170","PM25-PRI",0.000389944,"ON-ROAD",2008
"24510","2230072250","PM25-PRI",0.041797,"ON-ROAD",2008
"24510","2230060330","PM25-PRI",0.0029511,"ON-ROAD",2008
"24510","2201070230","PM25-PRI",0.199125,"ON-ROAD",2008
"24510","2230072230","PM25-PRI",0.0217874,"ON-ROAD",2008
"24510","2201070270","PM25-PRI",0.139964,"ON-ROAD",2008
"24510","2230071250","PM25-PRI",0.00156965,"ON-ROAD",2008
"24510","2201080230","PM25-PRI",0.00683876,"ON-ROAD",2008
"24510","2230060170","PM25-PRI",1.20616e-05,"ON-ROAD",2008
"24510","2230001310","PM25-PRI",0.0206617,"ON-ROAD",2008
"24510","2201040230","PM25-PRI",0.267575,"ON-ROAD",2008
"24510","2230071250","PM25-PRI",0.00419092,"ON-ROAD",2008
"24510","2230071190","PM25-PRI",0.000619955,"ON-ROAD",2008
"24510","2230071290","PM25-PRI",0.27696,"ON-ROAD",2008
"24510","2201040330","PM25-PRI",0.160477,"ON-ROAD",2008
"24510","2201070250","PM25-PRI",0.00657162,"ON-ROAD",2008
"24510","2230073330","PM25-PRI",0.0157819,"ON-ROAD",2008
"24510","2201020330","PM25-PRI",0.346587,"ON-ROAD",2008
"24510","2201001290","PM25-PRI",2.30741,"ON-ROAD",2008
"24510","2201070330","PM25-PRI",0.28663,"ON-ROAD",2008
"24510","2201001170","PM25-PRI",0.00239655,"ON-ROAD",2008
"24510","2230074250","PM25-PRI",0.039423,"ON-ROAD",2008
"24510","2230075230","PM25-PRI",0.00888297,"ON-ROAD",2008
"24510","2230071330","PM25-PRI",0.00341995,"ON-ROAD",2008
"24510","2201080250","PM25-PRI",0.0126585,"ON-ROAD",2008
"24510","2230001230","PM25-PRI",0.00127937,"ON-ROAD",2008
"24510","2201020310","PM25-PRI",0.315185,"ON-ROAD",2008
"24510","2201040190","PM25-PRI",0.000254865,"ON-ROAD",2008
"24510","2230001170","PM25-PRI",5.59026e-05,"ON-ROAD",2008
"24510","2230075310","PM25-PRI",0.00243242,"ON-ROAD",2008
"24510","2201040310","PM25-PRI",0.166075,"ON-ROAD",2008
"24510","2230071330","PM25-PRI",0.00913116,"ON-ROAD",2008
"24510","2201040190","PM25-PRI",0.000594509,"ON-ROAD",2008
"24510","2201020330","PM25-PRI",0.39704,"ON-ROAD",2008
"24510","2201080270","PM25-PRI",0.0416595,"ON-ROAD",2008
"24510","2230060190","PM25-PRI",3.21767e-05,"ON-ROAD",2008
"24510","2201070290","PM25-PRI",0.578781,"ON-ROAD",2008
"24510","2230060190","PM25-PRI",1.20616e-05,"ON-ROAD",2008
"24510","2230072310","PM25-PRI",0.0897336,"ON-ROAD",2008
"24510","2201020190","PM25-PRI",0.00154274,"ON-ROAD",2008
"24510","2230060290","PM25-PRI",0.00871298,"ON-ROAD",2008
"24510","2230075330","PM25-PRI",0.00317588,"ON-ROAD",2008
"24510","2230074310","PM25-PRI",0.0846127,"ON-ROAD",2008
"24510","2230001290","PM25-PRI",0.0641888,"ON-ROAD",2008
"24510","2230073270","PM25-PRI",0.0624595,"ON-ROAD",2008
"24510","2201020310","PM25-PRI",0.141419,"ON-ROAD",2008
"24510","2230075330","PM25-PRI",0.341928,"ON-ROAD",2008
"24510","2230073290","PM25-PRI",0.0177946,"ON-ROAD",2008
"24510","2230060250","PM25-PRI",0.00416992,"ON-ROAD",2008
"24510","2230073170","PM25-PRI",4.06396e-05,"ON-ROAD",2008
"24510","2230072190","PM25-PRI",1.69981e-05,"ON-ROAD",2008
"24510","2230072170","PM25-PRI",3.023e-05,"ON-ROAD",2008
"24510","2201001290","PM25-PRI",0.866642,"ON-ROAD",2008
"24510","2201001190","PM25-PRI",0.00303868,"ON-ROAD",2008
"24510","2230001310","PM25-PRI",0.000793366,"ON-ROAD",2008
"24510","2201040230","PM25-PRI",0.62115,"ON-ROAD",2008
"24510","2201080230","PM25-PRI",0.0363888,"ON-ROAD",2008
"24510","2230072330","PM25-PRI",0.00687727,"ON-ROAD",2008
"24510","2201040310","PM25-PRI",0.0622881,"ON-ROAD",2008
"24510","2230075290","PM25-PRI",0.425011,"ON-ROAD",2008
"24510","2201070250","PM25-PRI",0.132864,"ON-ROAD",2008
"24510","2230071310","PM25-PRI",0.00336889,"ON-ROAD",2008
"24510","2230072230","PM25-PRI",0.0387473,"ON-ROAD",2008
"24510","2230072250","PM25-PRI",0.00177428,"ON-ROAD",2008
"24510","2230073270","PM25-PRI",1.6194,"ON-ROAD",2008
"24510","2201080290","PM25-PRI",0.0256958,"ON-ROAD",2008
"24510","2230001170","PM25-PRI",2.14632e-06,"ON-ROAD",2008
"24510","2230075250","PM25-PRI",0.000749028,"ON-ROAD",2008
"24510","2201001190","PM25-PRI",0.00240174,"ON-ROAD",2008
"24510","2230060250","PM25-PRI",0.0543915,"ON-ROAD",2008
"24510","2230073270","PM25-PRI",0.0351269,"ON-ROAD",2008
"24510","2230060310","PM25-PRI",0.00748115,"ON-ROAD",2008
"24510","2230072270","PM25-PRI",0.360509,"ON-ROAD",2008
"24510","2201020310","PM25-PRI",0.377301,"ON-ROAD",2008
"24510","2201020270","PM25-PRI",0.707285,"ON-ROAD",2008
"24510","2201001250","PM25-PRI",0.155505,"ON-ROAD",2008
"24510","2230074190","PM25-PRI",0.000388823,"ON-ROAD",2008
"24510","2230071310","PM25-PRI",0.00899481,"ON-ROAD",2008
"24510","2230071250","PM25-PRI",0.0633981,"ON-ROAD",2008
"24510","2201040310","PM25-PRI",0.146701,"ON-ROAD",2008
"24510","2230073170","PM25-PRI",0.00187386,"ON-ROAD",2008
"24510","2230074290","PM25-PRI",3.45069,"ON-ROAD",2008
"24510","2230060250","PM25-PRI",0.00156312,"ON-ROAD",2008
"24510","2230001230","PM25-PRI",0.00340417,"ON-ROAD",2008
"24510","2201040230","PM25-PRI",0.713419,"ON-ROAD",2008
"24510","2230071170","PM25-PRI",0.000630612,"ON-ROAD",2008
"24510","2201040330","PM25-PRI",0.065547,"ON-ROAD",2008
"24510","2201001170","PM25-PRI",0.00113884,"ON-ROAD",2008
"24510","2230001190","PM25-PRI",8.06652e-07,"ON-ROAD",2008
"24510","2230072310","PM25-PRI",0.00380915,"ON-ROAD",2008
"24510","2230074330","PM25-PRI",0.0859027,"ON-ROAD",2008
"24510","2230075230","PM25-PRI",0.956349,"ON-ROAD",2008
"24510","2201080310","PM25-PRI",0.0200476,"ON-ROAD",2008
"24510","2201001170","PM25-PRI",0.00303216,"ON-ROAD",2008
"24510","2201020170","PM25-PRI",0.0015397,"ON-ROAD",2008
"24510","2230071270","PM25-PRI",0.546694,"ON-ROAD",2008
"24510","2230001290","PM25-PRI",0.00246471,"ON-ROAD",2008
"24510","2230075290","PM25-PRI",0.00394734,"ON-ROAD",2008
"24510","2201020250","PM25-PRI",0.172833,"ON-ROAD",2008
"24510","2230001190","PM25-PRI",2.14632e-06,"ON-ROAD",2008
"24510","2201001310","PM25-PRI",0.278949,"ON-ROAD",2008
"24510","2230075270","PM25-PRI",0.761417,"ON-ROAD",2008
"24510","2230075170","PM25-PRI",0.00304313,"ON-ROAD",2008
"24510","2230072330","PM25-PRI",0.0910945,"ON-ROAD",2008
"24510","2201001330","PM25-PRI",0.78155,"ON-ROAD",2008
"24510","2230072170","PM25-PRI",1.6998e-05,"ON-ROAD",2008
"24510","2230071230","PM25-PRI",0.0192684,"ON-ROAD",2008
"24510","2230073310","PM25-PRI",0.00874289,"ON-ROAD",2008
"24510","2201020230","PM25-PRI",1.6208,"ON-ROAD",2008
"24510","2230001270","PM25-PRI",0.103374,"ON-ROAD",2008
"24510","2230075170","PM25-PRI",5.00369e-05,"ON-ROAD",2008
"24510","2230073190","PM25-PRI",0.00186511,"ON-ROAD",2008
"24510","2201001230","PM25-PRI",2.50075,"ON-ROAD",2008
"24510","2201040190","PM25-PRI",0.000679537,"ON-ROAD",2008
"24510","2230072170","PM25-PRI",0.000398828,"ON-ROAD",2008
"24510","2230071290","PM25-PRI",0.018308,"ON-ROAD",2008
"24510","2201080270","PM25-PRI",0.00782944,"ON-ROAD",2008
"24510","2230074330","PM25-PRI",0.0509061,"ON-ROAD",2008
"24510","2230060190","PM25-PRI",0.000419506,"ON-ROAD",2008
"24510","2201040170","PM25-PRI",0.000679178,"ON-ROAD",2008
"24510","2201070190","PM25-PRI",0.000153593,"ON-ROAD",2008
"24510","2201001330","PM25-PRI",0.293543,"ON-ROAD",2008
"24510","2230072290","PM25-PRI",0.00775357,"ON-ROAD",2008
"24510","2201001290","PM25-PRI",1.85667,"ON-ROAD",2008
"24510","2201020290","PM25-PRI",0.979223,"ON-ROAD",2008
"24510","2230071270","PM25-PRI",0.013535,"ON-ROAD",2008
"24510","2230074330","PM25-PRI",1.7211,"ON-ROAD",2008
"24510","2201070230","PM25-PRI",1.63042,"ON-ROAD",2008
"24510","2230060230","PM25-PRI",0.032132,"ON-ROAD",2008
"24510","2201070170","PM25-PRI",0.000153575,"ON-ROAD",2008
"24510","2201070290","PM25-PRI",0.070935,"ON-ROAD",2008
"24510","2201040290","PM25-PRI",0.455771,"ON-ROAD",2008
"24510","2230072270","PM25-PRI",0.0153034,"ON-ROAD",2008
"24510","2201070190","PM25-PRI",6.11184e-05,"ON-ROAD",2008
"24510","2230071170","PM25-PRI",1.56122e-05,"ON-ROAD",2008
"24510","2201070170","PM25-PRI",6.1147e-05,"ON-ROAD",2008
"24510","2230075190","PM25-PRI",0.00254864,"ON-ROAD",2008
"24510","2201040330","PM25-PRI",0.174764,"ON-ROAD",2008
"24510","2201080230","PM25-PRI",0.0977231,"ON-ROAD",2008
"24510","2230073330","PM25-PRI",0.00887563,"ON-ROAD",2008
"24510","2201070270","PM25-PRI",0.0567243,"ON-ROAD",2008
"24510","2230060310","PM25-PRI",0.0975755,"ON-ROAD",2008
"24510","2230073230","PM25-PRI",2.3054,"ON-ROAD",2008
"24510","2201020170","PM25-PRI",0.000577111,"ON-ROAD",2008
"24510","2201080330","PM25-PRI",0.00712173,"ON-ROAD",2008
"24510","2230001250","PM25-PRI",0.000442375,"ON-ROAD",2008
"24510","2201080290","PM25-PRI",0.00482924,"ON-ROAD",2008
"24510","2201020250","PM25-PRI",0.210333,"ON-ROAD",2008
"24510","2201001270","PM25-PRI",3.71447,"ON-ROAD",2008
"24510","2230072190","PM25-PRI",3.023e-05,"ON-ROAD",2008
"24510","2230001270","PM25-PRI",0.00149177,"ON-ROAD",2008
"24510","2230060270","PM25-PRI",0.48799,"ON-ROAD",2008
"24510","2201080310","PM25-PRI",0.00139969,"ON-ROAD",2008
"24510","2230075230","PM25-PRI",0.0157352,"ON-ROAD",2008
"24510","2201001230","PM25-PRI",1.19829,"ON-ROAD",2008
"24510","2230001290","PM25-PRI",0.000926296,"ON-ROAD",2008
"24510","2230072330","PM25-PRI",0.00386703,"ON-ROAD",2008
"24510","2230071170","PM25-PRI",4.1684e-05,"ON-ROAD",2008
"24510","2230060270","PM25-PRI",0.0374145,"ON-ROAD",2008
"24510","2230060230","PM25-PRI",0.0120449,"ON-ROAD",2008
"24510","2230074190","PM25-PRI",0.000230418,"ON-ROAD",2008
"24510","2201040290","PM25-PRI",0.515961,"ON-ROAD",2008
"24510","2230074230","PM25-PRI",0.483988,"ON-ROAD",2008
"24510","2230073170","PM25-PRI",7.22617e-05,"ON-ROAD",2008
"24510","2230071310","PM25-PRI",0.136072,"ON-ROAD",2008
"24510","2201070310","PM25-PRI",0.0141523,"ON-ROAD",2008
"24510","2230074170","PM25-PRI",0.00781482,"ON-ROAD",2008
"24510","2201020250","PM25-PRI",0.0788369,"ON-ROAD",2008
"24510","2201001310","PM25-PRI",0.597611,"ON-ROAD",2008
"24510","2230001250","PM25-PRI",0.0115212,"ON-ROAD",2008
"24510","2270003020","PM25-PRI",3.07569,"NON-ROAD",2008
"24510","2270006015","PM25-PRI",2.36223,"NON-ROAD",2008
"24510","2260004021","PM25-PRI",2.8363,"NON-ROAD",2008
"24510","2282005010","PM25-PRI",2.312,"NON-ROAD",2008
"24510","2265006005","PM25-PRI",0.779108,"NON-ROAD",2008
"24510","2265004025","PM25-PRI",0.00645307,"NON-ROAD",2008
"24510","2265003050","PM25-PRI",0.00108083,"NON-ROAD",2008
"24510","2260004025","PM25-PRI",3.45694,"NON-ROAD",2008
"24510","2265004011","PM25-PRI",0.178537,"NON-ROAD",2008
"24510","2265004041","PM25-PRI",0.00693357,"NON-ROAD",2008
"24510","2270003010","PM25-PRI",0.597507,"NON-ROAD",2008
"24510","2267006035","PM25-PRI",0.000321658,"NON-ROAD",2008
"24510","2265004035","PM25-PRI",0.0411663,"NON-ROAD",2008
"24510","2265003030","PM25-PRI",0.0155772,"NON-ROAD",2008
"24510","2267003070","PM25-PRI",0.0089871,"NON-ROAD",2008
"24510","2267003010","PM25-PRI",0.0200645,"NON-ROAD",2008
"24510","2265006030","PM25-PRI",0.500588,"NON-ROAD",2008
"24510","2260004015","PM25-PRI",0.179868,"NON-ROAD",2008
"24510","2260004035","PM25-PRI",0.811748,"NON-ROAD",2008
"24510","2267006030","PM25-PRI",0.000325363,"NON-ROAD",2008
"24510","2267003020","PM25-PRI",1.91003,"NON-ROAD",2008
"24510","2265004071","PM25-PRI",0.387505,"NON-ROAD",2008
"24510","2265003060","PM25-PRI",0.000848372,"NON-ROAD",2008
"24510","2270004056","PM25-PRI",0.0866494,"NON-ROAD",2008
"24510","2265006025","PM25-PRI",0.200916,"NON-ROAD",2008
"24510","2270004076","PM25-PRI",0.00191127,"NON-ROAD",2008
"24510","2270006005","PM25-PRI",4.56917,"NON-ROAD",2008
"24510","2270003050","PM25-PRI",0.11621,"NON-ROAD",2008
"24510","2268003040","PM25-PRI",8.37567e-05,"NON-ROAD",2008
"24510","2260006010","PM25-PRI",1.51165,"NON-ROAD",2008
"24510","2268006015","PM25-PRI",0.00153831,"NON-ROAD",2008
"24510","2268003030","PM25-PRI",0.000153762,"NON-ROAD",2008
"24510","2282005015","PM25-PRI",0.820862,"NON-ROAD",2008
"24510","2265004016","PM25-PRI",0.0749155,"NON-ROAD",2008
"24510","2260003040","PM25-PRI",0.000796642,"NON-ROAD",2008
"24510","2260006005","PM25-PRI",0.204419,"NON-ROAD",2008
"24510","2265004046","PM25-PRI",0.00820715,"NON-ROAD",2008
"24510","2260004031","PM25-PRI",1.68436,"NON-ROAD",2008
"24510","2268006005","PM25-PRI",0.0209123,"NON-ROAD",2008
"24510","2260006015","PM25-PRI",0.00055714,"NON-ROAD",2008
"24510","2265006010","PM25-PRI",0.305771,"NON-ROAD",2008
"24510","2267006025","PM25-PRI",0.0254166,"NON-ROAD",2008
"24510","2265010010","PM25-PRI",0.00259443,"NON-ROAD",2008
"24510","2268010010","PM25-PRI",0.0017168,"NON-ROAD",2008
"24510","2270004046","PM25-PRI",0.45455,"NON-ROAD",2008
"24510","2260004026","PM25-PRI",1.48192,"NON-ROAD",2008
"24510","2268006010","PM25-PRI",0.00107486,"NON-ROAD",2008
"24510","2282010005","PM25-PRI",0.0608429,"NON-ROAD",2008
"24510","2265004056","PM25-PRI",0.0940177,"NON-ROAD",2008
"24510","2260004036","PM25-PRI",0.313024,"NON-ROAD",2008
"24510","2265003010","PM25-PRI",0.0150928,"NON-ROAD",2008
"24510","2267003030","PM25-PRI",0.014672,"NON-ROAD",2008
"24510","2260006035","PM25-PRI",0.0087665,"NON-ROAD",2008
"24510","2267003050","PM25-PRI",0.00108349,"NON-ROAD",2008
"24510","2265003020","PM25-PRI",0.046894,"NON-ROAD",2008
"24510","2260004020","PM25-PRI",2.4092,"NON-ROAD",2008
"24510","2265004051","PM25-PRI",0.00841321,"NON-ROAD",2008
"24510","2282020010","PM25-PRI",0.00401281,"NON-ROAD",2008
"24510","2267006015","PM25-PRI",0.0204082,"NON-ROAD",2008
"24510","2265003040","PM25-PRI",0.0654471,"NON-ROAD",2008
"24510","2270006025","PM25-PRI",2.90849,"NON-ROAD",2008
"24510","2265004075","PM25-PRI",0.0770822,"NON-ROAD",2008
"24510","2265004066","PM25-PRI",0.0155485,"NON-ROAD",2008
"24510","2270006030","PM25-PRI",0.125289,"NON-ROAD",2008
"24510","2267003040","PM25-PRI",0.00450448,"NON-ROAD",2008
"24510","2265006035","PM25-PRI",0.019666,"NON-ROAD",2008
"24510","2270004066","PM25-PRI",0.531822,"NON-ROAD",2008
"24510","2270003040","PM25-PRI",1.2491,"NON-ROAD",2008
"24510","2265004040","PM25-PRI",0.0952252,"NON-ROAD",2008
"24510","2265004030","PM25-PRI",0.0125521,"NON-ROAD",2008
"24510","2270003070","PM25-PRI",1.58578,"NON-ROAD",2008
"24510","2268006020","PM25-PRI",0.0598842,"NON-ROAD",2008
"24510","2265004036","PM25-PRI",0.0158737,"NON-ROAD",2008
"24510","2265004076","PM25-PRI",0.0157966,"NON-ROAD",2008
"24510","2285006015","PM25-PRI",1.97811e-05,"NON-ROAD",2008
"24510","2265006015","PM25-PRI",0.142838,"NON-ROAD",2008
"24510","2270004071","PM25-PRI",0.0486615,"NON-ROAD",2008
"24510","2260004016","PM25-PRI",0.141151,"NON-ROAD",2008
"24510","2265003070","PM25-PRI",0.00491327,"NON-ROAD",2008
"24510","2270004036","PM25-PRI",0.0117598,"NON-ROAD",2008
"24510","2270006010","PM25-PRI",1.11057,"NON-ROAD",2008
"24510","2260004030","PM25-PRI",2.17321,"NON-ROAD",2008
"24510","2270004031","PM25-PRI",7.86171e-05,"NON-ROAD",2008
"24510","2268003020","PM25-PRI",0.135221,"NON-ROAD",2008
"24510","2270003060","PM25-PRI",6.90541,"NON-ROAD",2008
"24510","2285002015","PM25-PRI",0.182026,"NON-ROAD",2008
"24510","2265004026","PM25-PRI",0.00294141,"NON-ROAD",2008
"24510","2270006035","PM25-PRI",0.103889,"NON-ROAD",2008
"24510","2282020005","PM25-PRI",0.1576,"NON-ROAD",2008
"24510","2265004031","PM25-PRI",0.0629355,"NON-ROAD",2008
"24510","2285004015","PM25-PRI",0.000776083,"NON-ROAD",2008
"24510","2265004015","PM25-PRI",0.0947088,"NON-ROAD",2008
"24510","2265001050","PM25-PRI",0.0497555,"NON-ROAD",2008
"24510","2270003030","PM25-PRI",1.13555,"NON-ROAD",2008
"24510","2260003030","PM25-PRI",0.010115,"NON-ROAD",2008
"24510","2267006005","PM25-PRI",0.0712288,"NON-ROAD",2008
"24510","2270010010","PM25-PRI",0.0343356,"NON-ROAD",2008
"24510","2268003070","PM25-PRI",0.000630629,"NON-ROAD",2008
"24510","2265004055","PM25-PRI",1.28743,"NON-ROAD",2008
"24510","2267004066","PM25-PRI",0.00524216,"NON-ROAD",2008
"24510","2268003060","PM25-PRI",0.00044427,"NON-ROAD",2008
"24510","2265004010","PM25-PRI",1.08811,"NON-ROAD",2008
"24510","2260004071","PM25-PRI",0.000580364,"NON-ROAD",2008
"24510","2267006010","PM25-PRI",0.0167758,"NON-ROAD",2008
